Date,Country,% Change In Waze Driven Miles/KMs
"Nov 4, 2021",United States,-0.03
"Nov 4, 2021",Italy,0.16
"Nov 4, 2021",Spain,0.21
"Nov 4, 2021",Malaysia,0.31
"Nov 4, 2021",France,0.34
"Nov 3, 2021",United States,-0.06
"Nov 3, 2021",Italy,0.18
"Nov 3, 2021",Spain,0.25
"Nov 3, 2021",France,0.37
"Nov 3, 2021",Malaysia,0.39
"Nov 2, 2021",United States,-0.07
"Nov 2, 2021",Malaysia,0.16
"Nov 2, 2021",Spain,0.36
"Nov 2, 2021",Italy,0.41
"Nov 2, 2021",France,0.45
"Nov 1, 2021",United States,-0.06
"Nov 1, 2021",Malaysia,0.15
"Nov 1, 2021",France,0.71
"Nov 1, 2021",Italy,0.72
"Nov 1, 2021",Spain,1.03
"Oct 31, 2021",Spain,0.02
"Oct 31, 2021",United States,0.03
"Oct 31, 2021",France,0.16
"Oct 31, 2021",Italy,0.18
"Oct 31, 2021",Malaysia,0.19
"Oct 30, 2021",United States,-0.03
"Oct 30, 2021",Malaysia,0.1
"Oct 30, 2021",France,0.27
"Oct 30, 2021",Spain,0.56
"Oct 30, 2021",Italy,0.59
"Oct 29, 2021",United States,0.0
"Oct 29, 2021",Malaysia,0.07
"Oct 29, 2021",France,0.36
"Oct 29, 2021",Italy,0.38
"Oct 29, 2021",Spain,0.53
"Oct 28, 2021",United States,0.0
"Oct 28, 2021",Malaysia,0.08
"Oct 28, 2021",Italy,0.27
"Oct 28, 2021",Spain,0.34
"Oct 28, 2021",France,0.43
"Oct 27, 2021",United States,-0.03
"Oct 27, 2021",Malaysia,0.08
"Oct 27, 2021",Italy,0.25
"Oct 27, 2021",Spain,0.3
"Oct 27, 2021",France,0.4
"Oct 26, 2021",United States,-0.08
"Oct 26, 2021",Malaysia,0.06
"Oct 26, 2021",Spain,0.27
"Oct 26, 2021",Italy,0.3
"Oct 26, 2021",France,0.35
"Oct 25, 2021",United States,-0.02
"Oct 25, 2021",Malaysia,0.09
"Oct 25, 2021",Italy,0.23
"Oct 25, 2021",Spain,0.23
"Oct 25, 2021",France,0.32
"Oct 24, 2021",Malaysia,0.09
"Oct 24, 2021",United States,0.19
"Oct 24, 2021",Spain,0.2
"Oct 24, 2021",France,0.29
"Oct 24, 2021",Italy,0.3
"Oct 23, 2021",Malaysia,0.0
"Oct 23, 2021",United States,0.06
"Oct 23, 2021",France,0.12
"Oct 23, 2021",Italy,0.23
"Oct 23, 2021",Spain,0.33
"Oct 22, 2021",Malaysia,0.01
"Oct 22, 2021",United States,0.05
"Oct 22, 2021",Italy,0.14
"Oct 22, 2021",Spain,0.16
"Oct 22, 2021",France,0.21
"Oct 21, 2021",United States,0.03
"Oct 21, 2021",Malaysia,0.04
"Oct 21, 2021",Italy,0.19
"Oct 21, 2021",Spain,0.21
"Oct 21, 2021",France,0.27
"Oct 20, 2021",United States,-0.02
"Oct 20, 2021",Malaysia,0.06
"Oct 20, 2021",Italy,0.19
"Oct 20, 2021",Spain,0.23
"Oct 20, 2021",France,0.25
"Oct 19, 2021",United States,-0.03
"Oct 19, 2021",Malaysia,0.18
"Oct 19, 2021",Spain,0.21
"Oct 19, 2021",Italy,0.25
"Oct 19, 2021",France,0.28
"Oct 18, 2021",United States,0.01
"Oct 18, 2021",Malaysia,0.14
"Oct 18, 2021",Spain,0.19
"Oct 18, 2021",Italy,0.23
"Oct 18, 2021",France,0.26
"Oct 17, 2021",Malaysia,0.09
"Oct 17, 2021",Spain,0.19
"Oct 17, 2021",France,0.21
"Oct 17, 2021",United States,0.22
"Oct 17, 2021",Italy,0.35
"Oct 16, 2021",France,-0.03
"Oct 16, 2021",Malaysia,0.06
"Oct 16, 2021",United States,0.1
"Oct 16, 2021",Italy,0.23
"Oct 16, 2021",Spain,0.23
"Oct 15, 2021",Malaysia,0.06
"Oct 15, 2021",United States,0.08
"Oct 15, 2021",Spain,0.15
"Oct 15, 2021",Italy,0.17
"Oct 15, 2021",France,0.17
"Oct 14, 2021",Malaysia,0.03
"Oct 14, 2021",United States,0.04
"Oct 14, 2021",Spain,0.19
"Oct 14, 2021",Italy,0.22
"Oct 14, 2021",France,0.29
"Oct 13, 2021",Malaysia,0.02
"Oct 13, 2021",United States,0.03
"Oct 13, 2021",Italy,0.19
"Oct 13, 2021",France,0.27
"Oct 13, 2021",Spain,0.37
"Oct 12, 2021",Malaysia,0.0
"Oct 12, 2021",United States,0.04
"Oct 12, 2021",France,0.24
"Oct 12, 2021",Italy,0.24
"Oct 12, 2021",Spain,1.2
"Oct 11, 2021",Malaysia,-0.03
"Oct 11, 2021",United States,0.06
"Oct 11, 2021",Italy,0.27
"Oct 11, 2021",France,0.28
"Oct 11, 2021",Spain,0.33
"Oct 10, 2021",Malaysia,-0.13
"Oct 10, 2021",Spain,0.16
"Oct 10, 2021",United States,0.22
"Oct 10, 2021",France,0.26
"Oct 10, 2021",Italy,0.33
"Oct 9, 2021",Malaysia,-0.15
"Oct 9, 2021",France,-0.01
"Oct 9, 2021",United States,0.15
"Oct 9, 2021",Italy,0.25
"Oct 9, 2021",Spain,0.74
"Oct 8, 2021",Malaysia,-0.16
"Oct 8, 2021",United States,0.13
"Oct 8, 2021",Italy,0.2
"Oct 8, 2021",France,0.21
"Oct 8, 2021",Spain,0.7
"Oct 7, 2021",Malaysia,-0.14
"Oct 7, 2021",United States,0.06
"Oct 7, 2021",Italy,0.22
"Oct 7, 2021",France,0.29
"Oct 7, 2021",Spain,0.34
"Oct 6, 2021",Malaysia,-0.13
"Oct 6, 2021",United States,-0.01
"Oct 6, 2021",Italy,0.2
"Oct 6, 2021",France,0.27
"Oct 6, 2021",Spain,0.27
"Oct 5, 2021",Malaysia,-0.15
"Oct 5, 2021",United States,-0.05
"Oct 5, 2021",Spain,0.24
"Oct 5, 2021",France,0.25
"Oct 5, 2021",Italy,0.25
"Oct 4, 2021",Malaysia,-0.16
"Oct 4, 2021",United States,-0.06
"Oct 4, 2021",France,0.19
"Oct 4, 2021",Spain,0.21
"Oct 4, 2021",Italy,0.21
"Oct 3, 2021",Malaysia,-0.2
"Oct 3, 2021",France,0.1
"Oct 3, 2021",United States,0.13
"Oct 3, 2021",Spain,0.15
"Oct 3, 2021",Italy,0.27
"Oct 2, 2021",Malaysia,-0.22
"Oct 2, 2021",France,-0.06
"Oct 2, 2021",United States,0.04
"Oct 2, 2021",Italy,0.26
"Oct 2, 2021",Spain,0.28
"Oct 1, 2021",Malaysia,-0.23
"Oct 1, 2021",United States,0.06
"Oct 1, 2021",France,0.13
"Oct 1, 2021",Italy,0.19
"Oct 1, 2021",Spain,0.2
"Sep 30, 2021",Malaysia,-0.19
"Sep 30, 2021",United States,0.02
"Sep 30, 2021",Italy,0.22
"Sep 30, 2021",France,0.25
"Sep 30, 2021",Spain,0.25
"Sep 29, 2021",Malaysia,-0.2
"Sep 29, 2021",United States,-0.04
"Sep 29, 2021",France,0.23
"Sep 29, 2021",Italy,0.23
"Sep 29, 2021",Spain,0.23
"Sep 28, 2021",Malaysia,-0.19
"Sep 28, 2021",United States,-0.08
"Sep 28, 2021",Spain,0.2
"Sep 28, 2021",France,0.27
"Sep 28, 2021",Italy,0.32
"Sep 27, 2021",Malaysia,-0.19
"Sep 27, 2021",United States,-0.02
"Sep 27, 2021",Spain,0.22
"Sep 27, 2021",France,0.25
"Sep 27, 2021",Italy,0.28
"Sep 26, 2021",Malaysia,-0.29
"Sep 26, 2021",United States,0.18
"Sep 26, 2021",France,0.21
"Sep 26, 2021",Spain,0.32
"Sep 26, 2021",Italy,0.35
"Sep 25, 2021",Malaysia,-0.3
"Sep 25, 2021",France,0.0
"Sep 25, 2021",United States,0.07
"Sep 25, 2021",Spain,0.25
"Sep 25, 2021",Italy,0.36
"Sep 24, 2021",Malaysia,-0.29
"Sep 24, 2021",United States,0.05
"Sep 24, 2021",France,0.18
"Sep 24, 2021",Spain,0.22
"Sep 24, 2021",Italy,0.27
"Sep 23, 2021",Malaysia,-0.26
"Sep 23, 2021",United States,0.0
"Sep 23, 2021",France,0.26
"Sep 23, 2021",Italy,0.28
"Sep 23, 2021",Spain,0.32
"Sep 22, 2021",Malaysia,-0.24
"Sep 22, 2021",United States,-0.05
"Sep 22, 2021",France,0.28
"Sep 22, 2021",Spain,0.28
"Sep 22, 2021",Italy,0.29
"Sep 21, 2021",Malaysia,-0.24
"Sep 21, 2021",United States,-0.07
"Sep 21, 2021",Spain,0.25
"Sep 21, 2021",France,0.29
"Sep 21, 2021",Italy,0.35
"Sep 20, 2021",Malaysia,-0.22
"Sep 20, 2021",United States,-0.02
"Sep 20, 2021",Spain,0.27
"Sep 20, 2021",France,0.28
"Sep 20, 2021",Italy,0.36
"Sep 19, 2021",Malaysia,-0.34
"Sep 19, 2021",United States,0.17
"Sep 19, 2021",France,0.24
"Sep 19, 2021",Spain,0.34
"Sep 19, 2021",Italy,0.38
"Sep 18, 2021",Malaysia,-0.37
"Sep 18, 2021",France,0.01
"Sep 18, 2021",United States,0.06
"Sep 18, 2021",Spain,0.31
"Sep 18, 2021",Italy,0.36
"Sep 17, 2021",Malaysia,-0.34
"Sep 17, 2021",United States,0.03
"Sep 17, 2021",France,0.19
"Sep 17, 2021",Spain,0.25
"Sep 17, 2021",Italy,0.26
"Sep 16, 2021",Malaysia,-0.28
"Sep 16, 2021",United States,-0.01
"Sep 16, 2021",France,0.27
"Sep 16, 2021",Spain,0.28
"Sep 16, 2021",Italy,0.3
"Sep 15, 2021",Malaysia,-0.18
"Sep 15, 2021",United States,-0.03
"Sep 15, 2021",France,0.28
"Sep 15, 2021",Italy,0.31
"Sep 15, 2021",Spain,0.31
"Sep 14, 2021",Malaysia,-0.23
"Sep 14, 2021",United States,-0.1
"Sep 14, 2021",France,0.3
"Sep 14, 2021",Spain,0.31
"Sep 14, 2021",Italy,0.4
"Sep 13, 2021",Malaysia,-0.24
"Sep 13, 2021",United States,-0.05
"Sep 13, 2021",France,0.31
"Sep 13, 2021",Spain,0.33
"Sep 13, 2021",Italy,0.41
"Sep 12, 2021",Malaysia,-0.36
"Sep 12, 2021",United States,0.11
"Sep 12, 2021",France,0.32
"Sep 12, 2021",Spain,0.44
"Sep 12, 2021",Italy,0.7
"Sep 11, 2021",Malaysia,-0.36
"Sep 11, 2021",United States,0.02
"Sep 11, 2021",France,0.06
"Sep 11, 2021",Spain,0.41
"Sep 11, 2021",Italy,0.57
"Sep 10, 2021",Malaysia,-0.36
"Sep 10, 2021",United States,0.0
"Sep 10, 2021",France,0.18
"Sep 10, 2021",Spain,0.28
"Sep 10, 2021",Italy,0.36
"Sep 9, 2021",Malaysia,-0.33
"Sep 9, 2021",United States,-0.02
"Sep 9, 2021",France,0.28
"Sep 9, 2021",Spain,0.32
"Sep 9, 2021",Italy,0.4
"Sep 8, 2021",Malaysia,-0.31
"Sep 8, 2021",United States,-0.02
"Sep 8, 2021",France,0.3
"Sep 8, 2021",Spain,0.38
"Sep 8, 2021",Italy,0.4
"Sep 7, 2021",Malaysia,-0.31
"Sep 7, 2021",United States,0.14
"Sep 7, 2021",France,0.33
"Sep 7, 2021",Spain,0.35
"Sep 7, 2021",Italy,0.46
"Sep 6, 2021",Malaysia,-0.32
"Sep 6, 2021",United States,0.11
"Sep 6, 2021",France,0.31
"Sep 6, 2021",Spain,0.44
"Sep 6, 2021",Italy,0.5
"Sep 5, 2021",Malaysia,-0.48
"Sep 5, 2021",United States,0.04
"Sep 5, 2021",France,0.24
"Sep 5, 2021",Spain,0.55
"Sep 5, 2021",Italy,0.73
"Sep 4, 2021",Malaysia,-0.47
"Sep 4, 2021",France,0.07
"Sep 4, 2021",United States,0.13
"Sep 4, 2021",Spain,0.57
"Sep 4, 2021",Italy,0.68
"Sep 3, 2021",Malaysia,-0.43
"Sep 3, 2021",France,0.14
"Sep 3, 2021",United States,0.16
"Sep 3, 2021",Spain,0.34
"Sep 3, 2021",Italy,0.38
"Sep 2, 2021",Malaysia,-0.38
"Sep 2, 2021",United States,0.03
"Sep 2, 2021",France,0.24
"Sep 2, 2021",Italy,0.33
"Sep 2, 2021",Spain,0.38
"Sep 1, 2021",Malaysia,-0.32
"Sep 1, 2021",United States,-0.03
"Sep 1, 2021",France,0.38
"Sep 1, 2021",Italy,0.42
"Sep 1, 2021",Spain,0.56
"Aug 31, 2021",Malaysia,-0.44
"Aug 31, 2021",United States,-0.04
"Aug 31, 2021",France,0.41
"Aug 31, 2021",Italy,0.55
"Aug 31, 2021",Spain,0.65
"Aug 30, 2021",Malaysia,-0.34
"Aug 30, 2021",United States,-0.05
"Aug 30, 2021",France,0.5
"Aug 30, 2021",Italy,0.79
"Aug 30, 2021",Spain,0.91
"Aug 29, 2021",Malaysia,-0.53
"Aug 29, 2021",United States,0.13
"Aug 29, 2021",France,0.59
"Aug 29, 2021",Spain,1.0
"Aug 29, 2021",Italy,1.03
"Aug 28, 2021",Malaysia,-0.51
"Aug 28, 2021",United States,0.06
"Aug 28, 2021",France,0.44
"Aug 28, 2021",Spain,1.05
"Aug 28, 2021",Italy,1.1
"Aug 27, 2021",Malaysia,-0.46
"Aug 27, 2021",United States,0.02
"Aug 27, 2021",France,0.33
"Aug 27, 2021",Spain,0.57
"Aug 27, 2021",Italy,0.57
"Aug 26, 2021",Malaysia,-0.42
"Aug 26, 2021",United States,0.03
"Aug 26, 2021",France,0.46
"Aug 26, 2021",Italy,0.6
"Aug 26, 2021",Spain,0.82
"Aug 25, 2021",Malaysia,-0.39
"Aug 25, 2021",United States,0.01
"Aug 25, 2021",France,0.49
"Aug 25, 2021",Italy,0.6
"Aug 25, 2021",Spain,0.86
"Aug 24, 2021",Malaysia,-0.4
"Aug 24, 2021",United States,-0.02
"Aug 24, 2021",France,0.37
"Aug 24, 2021",Italy,0.67
"Aug 24, 2021",Spain,0.77
"Aug 23, 2021",Malaysia,-0.39
"Aug 23, 2021",United States,-0.05
"Aug 23, 2021",France,0.53
"Aug 23, 2021",Italy,1.04
"Aug 23, 2021",Spain,1.12
"Aug 22, 2021",Malaysia,-0.54
"Aug 22, 2021",United States,0.12
"Aug 22, 2021",France,0.67
"Aug 22, 2021",Spain,1.2
"Aug 22, 2021",Italy,1.22
"Aug 21, 2021",Malaysia,-0.53
"Aug 21, 2021",United States,0.09
"Aug 21, 2021",France,0.61
"Aug 21, 2021",Spain,1.32
"Aug 21, 2021",Italy,1.44
"Aug 20, 2021",Malaysia,-0.49
"Aug 20, 2021",United States,0.06
"Aug 20, 2021",France,0.35
"Aug 20, 2021",Italy,0.63
"Aug 20, 2021",Spain,0.67
"Aug 19, 2021",Malaysia,-0.43
"Aug 19, 2021",United States,0.07
"Aug 19, 2021",France,0.48
"Aug 19, 2021",Italy,0.7
"Aug 19, 2021",Spain,0.93
"Aug 18, 2021",Malaysia,-0.43
"Aug 18, 2021",United States,0.04
"Aug 18, 2021",France,0.5
"Aug 18, 2021",Italy,0.75
"Aug 18, 2021",Spain,0.98
"Aug 17, 2021",Malaysia,-0.42
"Aug 17, 2021",United States,0.0
"Aug 17, 2021",France,0.43
"Aug 17, 2021",Italy,0.89
"Aug 17, 2021",Spain,1.03
"Aug 16, 2021",Malaysia,-0.44
"Aug 16, 2021",United States,0.05
"Aug 16, 2021",France,0.66
"Aug 16, 2021",Italy,1.34
"Aug 16, 2021",Spain,1.6
"Aug 15, 2021",Malaysia,-0.59
"Aug 15, 2021",United States,0.23
"Aug 15, 2021",France,0.67
"Aug 15, 2021",Italy,0.77
"Aug 15, 2021",Spain,1.26
"Aug 14, 2021",Malaysia,-0.58
"Aug 14, 2021",United States,0.12
"Aug 14, 2021",France,0.69
"Aug 14, 2021",Italy,1.27
"Aug 14, 2021",Spain,1.6
"Aug 13, 2021",Malaysia,-0.52
"Aug 13, 2021",United States,0.08
"Aug 13, 2021",France,0.37
"Aug 13, 2021",Italy,0.59
"Aug 13, 2021",Spain,0.73
"Aug 12, 2021",Malaysia,-0.46
"Aug 12, 2021",United States,0.08
"Aug 12, 2021",France,0.49
"Aug 12, 2021",Italy,0.67
"Aug 12, 2021",Spain,0.9
"Aug 11, 2021",Malaysia,-0.43
"Aug 11, 2021",United States,0.04
"Aug 11, 2021",France,0.43
"Aug 11, 2021",Italy,0.6
"Aug 11, 2021",Spain,0.89
"Aug 10, 2021",Malaysia,-0.51
"Aug 10, 2021",United States,0.01
"Aug 10, 2021",France,0.46
"Aug 10, 2021",Italy,0.81
"Aug 10, 2021",Spain,0.97
"Aug 9, 2021",Malaysia,-0.43
"Aug 9, 2021",United States,0.05
"Aug 9, 2021",France,0.53
"Aug 9, 2021",Italy,1.03
"Aug 9, 2021",Spain,1.27
"Aug 8, 2021",Malaysia,-0.6
"Aug 8, 2021",United States,0.24
"Aug 8, 2021",France,0.53
"Aug 8, 2021",Italy,1.03
"Aug 8, 2021",Spain,1.06
"Aug 7, 2021",Malaysia,-0.59
"Aug 7, 2021",United States,0.12
"Aug 7, 2021",France,0.56
"Aug 7, 2021",Italy,1.54
"Aug 7, 2021",Spain,1.55
"Aug 6, 2021",Malaysia,-0.52
"Aug 6, 2021",United States,0.1
"Aug 6, 2021",France,0.32
"Aug 6, 2021",Spain,0.68
"Aug 6, 2021",Italy,0.7
"Aug 5, 2021",Malaysia,-0.46
"Aug 5, 2021",United States,0.09
"Aug 5, 2021",France,0.42
"Aug 5, 2021",Italy,0.66
"Aug 5, 2021",Spain,0.79
"Aug 4, 2021",Malaysia,-0.43
"Aug 4, 2021",United States,0.06
"Aug 4, 2021",France,0.35
"Aug 4, 2021",Italy,0.53
"Aug 4, 2021",Spain,0.78
"Aug 3, 2021",Malaysia,-0.44
"Aug 3, 2021",United States,0.02
"Aug 3, 2021",France,0.43
"Aug 3, 2021",Italy,0.69
"Aug 3, 2021",Spain,0.81
"Aug 2, 2021",Malaysia,-0.43
"Aug 2, 2021",United States,0.06
"Aug 2, 2021",France,0.53
"Aug 2, 2021",Italy,0.83
"Aug 2, 2021",Spain,1.14
"Aug 1, 2021",Malaysia,-0.56
"Aug 1, 2021",United States,0.28
"Aug 1, 2021",France,0.59
"Aug 1, 2021",Italy,0.95
"Aug 1, 2021",Spain,1.21
"Jul 31, 2021",Malaysia,-0.57
"Jul 31, 2021",United States,0.17
"Jul 31, 2021",France,0.63
"Jul 31, 2021",Italy,1.28
"Jul 31, 2021",Spain,1.8
"Jul 30, 2021",Malaysia,-0.51
"Jul 30, 2021",United States,0.12
"Jul 30, 2021",France,0.42
"Jul 30, 2021",Italy,0.61
"Jul 30, 2021",Spain,0.74
"Jul 29, 2021",Malaysia,-0.44
"Jul 29, 2021",United States,0.13
"Jul 29, 2021",France,0.46
"Jul 29, 2021",Italy,0.54
"Jul 29, 2021",Spain,0.68
"Jul 28, 2021",Malaysia,-0.43
"Jul 28, 2021",United States,0.1
"Jul 28, 2021",France,0.39
"Jul 28, 2021",Italy,0.46
"Jul 28, 2021",Spain,0.6
"Jul 27, 2021",Malaysia,-0.42
"Jul 27, 2021",United States,0.05
"Jul 27, 2021",France,0.34
"Jul 27, 2021",Spain,0.55
"Jul 27, 2021",Italy,0.56
"Jul 26, 2021",Malaysia,-0.43
"Jul 26, 2021",United States,0.01
"Jul 26, 2021",France,0.45
"Jul 26, 2021",Italy,0.71
"Jul 26, 2021",Spain,0.77
"Jul 25, 2021",Malaysia,-0.59
"Jul 25, 2021",United States,0.26
"Jul 25, 2021",France,0.47
"Jul 25, 2021",Spain,0.84
"Jul 25, 2021",Italy,0.89
"Jul 24, 2021",Malaysia,-0.59
"Jul 24, 2021",United States,0.17
"Jul 24, 2021",France,0.42
"Jul 24, 2021",Italy,0.96
"Jul 24, 2021",Spain,0.96
"Jul 23, 2021",Malaysia,-0.52
"Jul 23, 2021",United States,0.13
"Jul 23, 2021",France,0.31
"Jul 23, 2021",Spain,0.5
"Jul 23, 2021",Italy,0.51
"Jul 22, 2021",Malaysia,-0.44
"Jul 22, 2021",United States,0.12
"Jul 22, 2021",France,0.43
"Jul 22, 2021",Italy,0.49
"Jul 22, 2021",Spain,0.56
"Jul 21, 2021",Malaysia,-0.47
"Jul 21, 2021",United States,0.06
"Jul 21, 2021",France,0.47
"Jul 21, 2021",Italy,0.48
"Jul 21, 2021",Spain,0.55
"Jul 20, 2021",Malaysia,-0.55
"Jul 20, 2021",United States,0.07
"Jul 20, 2021",France,0.39
"Jul 20, 2021",Spain,0.46
"Jul 20, 2021",Italy,0.48
"Jul 19, 2021",Malaysia,-0.41
"Jul 19, 2021",United States,0.08
"Jul 19, 2021",France,0.52
"Jul 19, 2021",Italy,0.61
"Jul 19, 2021",Spain,0.68
"Jul 18, 2021",Malaysia,-0.59
"Jul 18, 2021",United States,0.29
"Jul 18, 2021",France,0.7
"Jul 18, 2021",Italy,0.76
"Jul 18, 2021",Spain,0.81
"Jul 17, 2021",Malaysia,-0.6
"Jul 17, 2021",United States,0.2
"Jul 17, 2021",France,0.46
"Jul 17, 2021",Italy,0.8
"Jul 17, 2021",Spain,0.84
"Jul 16, 2021",Malaysia,-0.55
"Jul 16, 2021",United States,0.15
"Jul 16, 2021",France,0.28
"Jul 16, 2021",Italy,0.45
"Jul 16, 2021",Spain,0.51
"Jul 15, 2021",Malaysia,-0.5
"Jul 15, 2021",United States,0.14
"Jul 15, 2021",Italy,0.43
"Jul 15, 2021",France,0.45
"Jul 15, 2021",Spain,0.6
"Jul 14, 2021",Malaysia,-0.5
"Jul 14, 2021",United States,0.09
"Jul 14, 2021",France,0.31
"Jul 14, 2021",Italy,0.32
"Jul 14, 2021",Spain,0.55
"Jul 13, 2021",Malaysia,-0.49
"Jul 13, 2021",United States,0.04
"Jul 13, 2021",Italy,0.36
"Jul 13, 2021",Spain,0.43
"Jul 13, 2021",France,0.5
"Jul 12, 2021",Malaysia,-0.5
"Jul 12, 2021",France,0.01
"Jul 12, 2021",United States,0.06
"Jul 12, 2021",Italy,0.3
"Jul 12, 2021",Spain,0.48
"Jul 11, 2021",Malaysia,-0.64
"Jul 11, 2021",France,-0.08
"Jul 11, 2021",United States,0.25
"Jul 11, 2021",Italy,0.28
"Jul 11, 2021",Spain,0.54
"Jul 10, 2021",Malaysia,-0.65
"Jul 10, 2021",France,0.04
"Jul 10, 2021",United States,0.14
"Jul 10, 2021",Italy,0.48
"Jul 10, 2021",Spain,0.56
"Jul 9, 2021",Malaysia,-0.58
"Jul 9, 2021",France,0.03
"Jul 9, 2021",United States,0.06
"Jul 9, 2021",Italy,0.2
"Jul 9, 2021",Spain,0.35
"Jul 7, 2021",Malaysia,-0.52
"Jul 7, 2021",United States,0.08
"Jul 7, 2021",Italy,0.18
"Jul 7, 2021",France,0.19
"Jul 7, 2021",Spain,0.36
"Jul 6, 2021",Malaysia,-0.52
"Jul 6, 2021",France,0.11
"Jul 6, 2021",Italy,0.2
"Jul 6, 2021",United States,0.22
"Jul 6, 2021",Spain,0.28
"Jul 5, 2021",Malaysia,-0.53
"Jul 5, 2021",France,0.11
"Jul 5, 2021",United States,0.21
"Jul 5, 2021",Italy,0.3
"Jul 5, 2021",Spain,0.4
"Jul 4, 2021",Malaysia,-0.67
"Jul 4, 2021",France,-0.02
"Jul 4, 2021",United States,0.02
"Jul 4, 2021",Italy,0.38
"Jul 4, 2021",Spain,0.46
"Jul 3, 2021",Malaysia,-0.7
"Jul 3, 2021",France,-0.06
"Jul 3, 2021",United States,0.17
"Jul 3, 2021",Italy,0.45
"Jul 3, 2021",Spain,0.45
"Jul 2, 2021",Malaysia,-0.48
"Jul 2, 2021",France,-0.02
"Jul 2, 2021",Italy,0.16
"Jul 2, 2021",United States,0.19
"Jul 2, 2021",Spain,0.25
"Jul 1, 2021",Malaysia,-0.49
"Jul 1, 2021",France,0.05
"Jul 1, 2021",Italy,0.16
"Jul 1, 2021",United States,0.17
"Jul 1, 2021",Spain,0.38
"Jun 30, 2021",Malaysia,-0.46
"Jun 30, 2021",France,0.02
"Jun 30, 2021",United States,0.07
"Jun 30, 2021",Italy,0.14
"Jun 30, 2021",Spain,0.35
"Jun 29, 2021",Malaysia,-0.49
"Jun 29, 2021",United States,-0.04
"Jun 29, 2021",France,-0.01
"Jun 29, 2021",Spain,0.18
"Jun 29, 2021",Italy,0.19
"Jun 28, 2021",Malaysia,-0.49
"Jun 28, 2021",France,0.0
"Jun 28, 2021",United States,0.07
"Jun 28, 2021",Italy,0.21
"Jun 28, 2021",Spain,0.27
"Jun 27, 2021",Malaysia,-0.65
"Jun 27, 2021",France,-0.05
"Jun 27, 2021",United States,0.27
"Jun 27, 2021",Italy,0.37
"Jun 27, 2021",Spain,0.51
"Jun 26, 2021",Malaysia,-0.66
"Jun 26, 2021",France,-0.02
"Jun 26, 2021",United States,0.15
"Jun 26, 2021",Spain,0.35
"Jun 26, 2021",Italy,0.47
"Jun 25, 2021",Malaysia,-0.59
"Jun 25, 2021",France,0.05
"Jun 25, 2021",United States,0.09
"Jun 25, 2021",Italy,0.22
"Jun 25, 2021",Spain,0.23
"Jun 24, 2021",Malaysia,-0.53
"Jun 24, 2021",United States,0.09
"Jun 24, 2021",Italy,0.27
"Jun 24, 2021",France,0.29
"Jun 24, 2021",Spain,0.38
"Jun 23, 2021",Malaysia,-0.52
"Jun 23, 2021",United States,0.03
"Jun 23, 2021",Italy,0.24
"Jun 23, 2021",France,0.29
"Jun 23, 2021",Spain,0.47
"Jun 22, 2021",Malaysia,-0.51
"Jun 22, 2021",United States,0.0
"Jun 22, 2021",Spain,0.23
"Jun 22, 2021",Italy,0.29
"Jun 22, 2021",France,0.29
"Jun 21, 2021",Malaysia,-0.51
"Jun 21, 2021",United States,0.05
"Jun 21, 2021",Spain,0.21
"Jun 21, 2021",France,0.28
"Jun 21, 2021",Italy,0.33
"Jun 20, 2021",Malaysia,-0.65
"Jun 20, 2021",France,0.22
"Jun 20, 2021",United States,0.22
"Jun 20, 2021",Spain,0.24
"Jun 20, 2021",Italy,0.45
"Jun 19, 2021",Malaysia,-0.67
"Jun 19, 2021",France,-0.03
"Jun 19, 2021",United States,0.12
"Jun 19, 2021",Spain,0.21
"Jun 19, 2021",Italy,0.4
"Jun 18, 2021",Malaysia,-0.6
"Jun 18, 2021",United States,0.1
"Jun 18, 2021",France,0.15
"Jun 18, 2021",Spain,0.18
"Jun 18, 2021",Italy,0.22
"Jun 17, 2021",Malaysia,-0.56
"Jun 17, 2021",United States,0.08
"Jun 17, 2021",Italy,0.17
"Jun 17, 2021",Spain,0.18
"Jun 17, 2021",France,0.24
"Jun 16, 2021",Malaysia,-0.53
"Jun 16, 2021",United States,0.04
"Jun 16, 2021",Italy,0.14
"Jun 16, 2021",Spain,0.18
"Jun 16, 2021",France,0.26
"Jun 15, 2021",Malaysia,-0.53
"Jun 15, 2021",United States,0.0
"Jun 15, 2021",Spain,0.12
"Jun 15, 2021",Italy,0.2
"Jun 15, 2021",France,0.25
"Jun 14, 2021",Malaysia,-0.54
"Jun 14, 2021",United States,0.02
"Jun 14, 2021",Spain,0.15
"Jun 14, 2021",Italy,0.21
"Jun 14, 2021",France,0.27
"Jun 13, 2021",Malaysia,-0.69
"Jun 13, 2021",United States,0.22
"Jun 13, 2021",Spain,0.33
"Jun 13, 2021",France,0.34
"Jun 13, 2021",Italy,0.38
"Jun 12, 2021",Malaysia,-0.7
"Jun 12, 2021",France,0.02
"Jun 12, 2021",United States,0.1
"Jun 12, 2021",Spain,0.2
"Jun 12, 2021",Italy,0.24
"Jun 11, 2021",Malaysia,-0.64
"Jun 11, 2021",United States,0.04
"Jun 11, 2021",Italy,0.12
"Jun 11, 2021",France,0.16
"Jun 11, 2021",Spain,0.19
"Jun 10, 2021",Malaysia,-0.6
"Jun 10, 2021",United States,0.04
"Jun 10, 2021",Italy,0.08
"Jun 10, 2021",Spain,0.17
"Jun 10, 2021",France,0.22
"Jun 9, 2021",Malaysia,-0.58
"Jun 9, 2021",United States,-0.01
"Jun 9, 2021",Italy,0.05
"Jun 9, 2021",Spain,0.12
"Jun 9, 2021",France,0.18
"Jun 8, 2021",Malaysia,-0.56
"Jun 8, 2021",United States,-0.05
"Jun 8, 2021",Spain,0.1
"Jun 8, 2021",Italy,0.13
"Jun 8, 2021",France,0.21
"Jun 7, 2021",Malaysia,-0.68
"Jun 7, 2021",United States,-0.01
"Jun 7, 2021",Spain,0.11
"Jun 7, 2021",Italy,0.11
"Jun 7, 2021",France,0.19
"Jun 6, 2021",Malaysia,-0.74
"Jun 6, 2021",France,0.15
"Jun 6, 2021",United States,0.17
"Jun 6, 2021",Spain,0.19
"Jun 6, 2021",Italy,0.23
"Jun 5, 2021",Malaysia,-0.73
"Jun 5, 2021",France,-0.11
"Jun 5, 2021",United States,0.03
"Jun 5, 2021",Spain,0.05
"Jun 5, 2021",Italy,0.07
"Jun 4, 2021",Malaysia,-0.68
"Jun 4, 2021",United States,-0.04
"Jun 4, 2021",Italy,0.01
"Jun 4, 2021",France,0.06
"Jun 4, 2021",Spain,0.07
"Jun 3, 2021",Malaysia,-0.64
"Jun 3, 2021",United States,0.0
"Jun 3, 2021",Italy,0.07
"Jun 3, 2021",Spain,0.11
"Jun 3, 2021",France,0.14
"Jun 2, 2021",Malaysia,-0.64
"Jun 2, 2021",United States,-0.01
"Jun 2, 2021",Spain,0.07
"Jun 2, 2021",France,0.12
"Jun 2, 2021",Italy,0.32
"Jun 1, 2021",Malaysia,-0.67
"Jun 1, 2021",Spain,0.04
"Jun 1, 2021",United States,0.15
"Jun 1, 2021",France,0.18
"Jun 1, 2021",Italy,0.24
"May 31, 2021",Malaysia,-0.19
"May 31, 2021",Spain,0.08
"May 31, 2021",Italy,0.08
"May 31, 2021",United States,0.1
"May 31, 2021",France,0.18
"May 30, 2021",Malaysia,-0.54
"May 30, 2021",United States,0.01
"May 30, 2021",Spain,0.1
"May 30, 2021",Italy,0.12
"May 30, 2021",France,0.15
"May 29, 2021",Malaysia,-0.55
"May 29, 2021",France,-0.09
"May 29, 2021",United States,0.08
"May 29, 2021",Spain,0.09
"May 29, 2021",Italy,0.2
"May 28, 2021",Malaysia,-0.5
"May 28, 2021",Spain,0.03
"May 28, 2021",France,0.03
"May 28, 2021",Italy,0.05
"May 28, 2021",United States,0.12
"May 27, 2021",Malaysia,-0.43
"May 27, 2021",Italy,0.01
"May 27, 2021",United States,0.04
"May 27, 2021",Spain,0.08
"May 27, 2021",France,0.15
"May 26, 2021",Malaysia,-0.55
"May 26, 2021",Italy,-0.02
"May 26, 2021",United States,-0.01
"May 26, 2021",Spain,0.04
"May 26, 2021",France,0.13
"May 25, 2021",Malaysia,-0.39
"May 25, 2021",United States,-0.06
"May 25, 2021",Spain,0.04
"May 25, 2021",Italy,0.06
"May 25, 2021",France,0.33
"May 24, 2021",Malaysia,-0.34
"May 24, 2021",United States,-0.06
"May 24, 2021",Italy,0.05
"May 24, 2021",Spain,0.19
"May 24, 2021",France,0.64
"May 23, 2021",Malaysia,-0.59
"May 23, 2021",France,-0.06
"May 23, 2021",Spain,0.07
"May 23, 2021",Italy,0.11
"May 23, 2021",United States,0.12
"May 22, 2021",Malaysia,-0.57
"May 22, 2021",Italy,0.0
"May 22, 2021",United States,0.01
"May 22, 2021",France,0.09
"May 22, 2021",Spain,0.12
"May 21, 2021",Malaysia,-0.43
"May 21, 2021",United States,-0.02
"May 21, 2021",Italy,0.01
"May 21, 2021",Spain,0.13
"May 21, 2021",France,0.26
"May 20, 2021",Malaysia,-0.35
"May 20, 2021",United States,-0.06
"May 20, 2021",Italy,-0.02
"May 20, 2021",Spain,0.08
"May 20, 2021",France,0.16
"May 19, 2021",Malaysia,-0.31
"May 19, 2021",United States,-0.05
"May 19, 2021",Italy,-0.04
"May 19, 2021",Spain,0.05
"May 19, 2021",France,0.16
"May 18, 2021",Malaysia,-0.31
"May 18, 2021",United States,-0.1
"May 18, 2021",Italy,0.01
"May 18, 2021",Spain,0.01
"May 18, 2021",France,0.12
"May 17, 2021",Malaysia,-0.3
"May 17, 2021",United States,-0.1
"May 17, 2021",Italy,-0.02
"May 17, 2021",Spain,0.07
"May 17, 2021",France,0.22
"May 16, 2021",Malaysia,-0.54
"May 16, 2021",Italy,-0.09
"May 16, 2021",United States,0.1
"May 16, 2021",Spain,0.14
"May 16, 2021",France,0.59
"May 15, 2021",Malaysia,-0.6
"May 15, 2021",France,-0.14
"May 15, 2021",Italy,-0.11
"May 15, 2021",United States,-0.01
"May 15, 2021",Spain,0.1
"May 14, 2021",Malaysia,-0.64
"May 14, 2021",France,-0.16
"May 14, 2021",Italy,-0.09
"May 14, 2021",United States,-0.06
"May 14, 2021",Spain,0.08
"May 13, 2021",Malaysia,-0.58
"May 13, 2021",United States,-0.05
"May 13, 2021",Italy,-0.05
"May 13, 2021",Spain,0.15
"May 13, 2021",France,0.57
"May 12, 2021",Malaysia,-0.26
"May 12, 2021",United States,-0.09
"May 12, 2021",Italy,-0.08
"May 12, 2021",Spain,0.03
"May 12, 2021",France,0.68
"May 11, 2021",Malaysia,-0.14
"May 11, 2021",United States,-0.1
"May 11, 2021",Italy,-0.06
"May 11, 2021",Spain,-0.05
"May 11, 2021",France,0.09
"May 10, 2021",Malaysia,-0.17
"May 10, 2021",United States,-0.07
"May 10, 2021",Spain,-0.07
"May 10, 2021",Italy,-0.03
"May 10, 2021",France,0.07
"May 9, 2021",Malaysia,-0.4
"May 9, 2021",Spain,-0.25
"May 9, 2021",France,-0.03
"May 9, 2021",Italy,0.06
"May 9, 2021",United States,0.08
"May 8, 2021",Malaysia,-0.44
"May 8, 2021",France,-0.18
"May 8, 2021",Spain,-0.11
"May 8, 2021",Italy,-0.05
"May 8, 2021",United States,0.0
"May 7, 2021",Malaysia,-0.32
"May 7, 2021",Spain,-0.22
"May 7, 2021",Italy,-0.09
"May 7, 2021",France,-0.05
"May 7, 2021",United States,-0.03
"May 6, 2021",Spain,-0.14
"May 6, 2021",Malaysia,-0.13
"May 6, 2021",Italy,-0.11
"May 6, 2021",United States,-0.04
"May 6, 2021",France,0.02
"May 5, 2021",Italy,-0.11
"May 5, 2021",United States,-0.1
"May 5, 2021",Spain,-0.09
"May 5, 2021",France,0.04
"May 5, 2021",Malaysia,0.08
"May 4, 2021",United States,-0.13
"May 4, 2021",Spain,-0.1
"May 4, 2021",Malaysia,-0.08
"May 4, 2021",Italy,-0.05
"May 4, 2021",France,0.04
"May 3, 2021",United States,-0.11
"May 3, 2021",Spain,-0.11
"May 3, 2021",Malaysia,-0.06
"May 3, 2021",Italy,-0.05
"May 3, 2021",France,0.06
"May 2, 2021",France,-0.38
"May 2, 2021",Spain,-0.36
"May 2, 2021",Malaysia,-0.25
"May 2, 2021",Italy,-0.09
"May 2, 2021",United States,0.06
"May 1, 2021",France,-0.52
"May 1, 2021",Malaysia,-0.32
"May 1, 2021",Italy,-0.27
"May 1, 2021",Spain,-0.26
"May 1, 2021",United States,-0.03
"Apr 30, 2021",France,-0.24
"Apr 30, 2021",Spain,-0.19
"Apr 30, 2021",Malaysia,-0.19
"Apr 30, 2021",Italy,-0.07
"Apr 30, 2021",United States,-0.04
"Apr 29, 2021",Malaysia,-0.15
"Apr 29, 2021",Italy,-0.13
"Apr 29, 2021",Spain,-0.11
"Apr 29, 2021",France,-0.11
"Apr 29, 2021",United States,-0.07
"Apr 28, 2021",Spain,-0.13
"Apr 28, 2021",Italy,-0.12
"Apr 28, 2021",United States,-0.1
"Apr 28, 2021",France,-0.08
"Apr 28, 2021",Malaysia,-0.04
"Apr 27, 2021",Spain,-0.17
"Apr 27, 2021",United States,-0.13
"Apr 27, 2021",Italy,-0.11
"Apr 27, 2021",France,-0.11
"Apr 27, 2021",Malaysia,-0.08
"Apr 26, 2021",Spain,-0.19
"Apr 26, 2021",Italy,-0.14
"Apr 26, 2021",United States,-0.13
"Apr 26, 2021",France,-0.11
"Apr 26, 2021",Malaysia,-0.07
"Apr 25, 2021",Italy,-0.47
"Apr 25, 2021",Spain,-0.46
"Apr 25, 2021",France,-0.35
"Apr 25, 2021",Malaysia,-0.26
"Apr 25, 2021",United States,0.01
"Apr 24, 2021",France,-0.42
"Apr 24, 2021",Italy,-0.41
"Apr 24, 2021",Spain,-0.33
"Apr 24, 2021",Malaysia,-0.26
"Apr 24, 2021",United States,-0.07
"Apr 23, 2021",Spain,-0.31
"Apr 23, 2021",Italy,-0.28
"Apr 23, 2021",France,-0.27
"Apr 23, 2021",Malaysia,-0.21
"Apr 23, 2021",United States,-0.07
"Apr 22, 2021",Italy,-0.24
"Apr 22, 2021",Spain,-0.15
"Apr 22, 2021",Malaysia,-0.12
"Apr 22, 2021",France,-0.11
"Apr 22, 2021",United States,-0.09
"Apr 21, 2021",Italy,-0.21
"Apr 21, 2021",Spain,-0.14
"Apr 21, 2021",United States,-0.12
"Apr 21, 2021",Malaysia,-0.1
"Apr 21, 2021",France,-0.08
"Apr 20, 2021",Italy,-0.19
"Apr 20, 2021",Spain,-0.17
"Apr 20, 2021",United States,-0.13
"Apr 20, 2021",France,-0.12
"Apr 20, 2021",Malaysia,-0.09
"Apr 19, 2021",Italy,-0.2
"Apr 19, 2021",Spain,-0.19
"Apr 19, 2021",United States,-0.13
"Apr 19, 2021",France,-0.1
"Apr 19, 2021",Malaysia,-0.08
"Apr 18, 2021",Italy,-0.55
"Apr 18, 2021",France,-0.43
"Apr 18, 2021",Spain,-0.41
"Apr 18, 2021",Malaysia,-0.23
"Apr 18, 2021",United States,0.03
"Apr 17, 2021",Italy,-0.46
"Apr 17, 2021",France,-0.46
"Apr 17, 2021",Spain,-0.33
"Apr 17, 2021",Malaysia,-0.25
"Apr 17, 2021",United States,-0.08
"Apr 16, 2021",Italy,-0.31
"Apr 16, 2021",Spain,-0.31
"Apr 16, 2021",France,-0.28
"Apr 16, 2021",Malaysia,-0.18
"Apr 16, 2021",United States,-0.11
"Apr 15, 2021",Italy,-0.25
"Apr 15, 2021",Spain,-0.18
"Apr 15, 2021",France,-0.12
"Apr 15, 2021",United States,-0.11
"Apr 15, 2021",Malaysia,-0.1
"Apr 14, 2021",Italy,-0.24
"Apr 14, 2021",Spain,-0.16
"Apr 14, 2021",United States,-0.12
"Apr 14, 2021",France,-0.1
"Apr 14, 2021",Malaysia,-0.07
"Apr 13, 2021",Italy,-0.2
"Apr 13, 2021",Spain,-0.17
"Apr 13, 2021",United States,-0.15
"Apr 13, 2021",Malaysia,-0.1
"Apr 13, 2021",France,-0.1
"Apr 12, 2021",Italy,-0.23
"Apr 12, 2021",Spain,-0.18
"Apr 12, 2021",United States,-0.14
"Apr 12, 2021",France,-0.12
"Apr 12, 2021",Malaysia,0.07
"Apr 11, 2021",Italy,-0.59
"Apr 11, 2021",France,-0.51
"Apr 11, 2021",Spain,-0.46
"Apr 11, 2021",Malaysia,0.0
"Apr 11, 2021",United States,0.03
"Apr 10, 2021",Italy,-0.51
"Apr 10, 2021",France,-0.51
"Apr 10, 2021",Spain,-0.37
"Apr 10, 2021",United States,-0.04
"Apr 10, 2021",Malaysia,0.0
"Apr 9, 2021",Italy,-0.34
"Apr 9, 2021",Spain,-0.33
"Apr 9, 2021",France,-0.31
"Apr 9, 2021",United States,-0.07
"Apr 9, 2021",Malaysia,-0.01
"Apr 8, 2021",Italy,-0.31
"Apr 8, 2021",France,-0.17
"Apr 8, 2021",Spain,-0.16
"Apr 8, 2021",United States,-0.05
"Apr 8, 2021",Malaysia,0.02
"Apr 7, 2021",Italy,-0.25
"Apr 7, 2021",Spain,-0.14
"Apr 7, 2021",France,-0.14
"Apr 7, 2021",United States,-0.06
"Apr 7, 2021",Malaysia,0.03
"Apr 6, 2021",Spain,-0.11
"Apr 6, 2021",United States,-0.06
"Apr 6, 2021",Italy,-0.05
"Apr 6, 2021",France,-0.04
"Apr 6, 2021",Malaysia,0.05
"Apr 5, 2021",Italy,-0.5
"Apr 5, 2021",Spain,0.0
"Apr 5, 2021",United States,0.02
"Apr 5, 2021",Malaysia,0.03
"Apr 5, 2021",France,0.21
"Apr 4, 2021",Italy,-0.76
"Apr 4, 2021",France,-0.38
"Apr 4, 2021",Spain,-0.22
"Apr 4, 2021",Malaysia,-0.01
"Apr 4, 2021",United States,0.0
"Apr 3, 2021",Italy,-0.59
"Apr 3, 2021",Spain,-0.21
"Apr 3, 2021",France,-0.16
"Apr 3, 2021",United States,-0.04
"Apr 3, 2021",Malaysia,-0.03
"Apr 2, 2021",Spain,-0.47
"Apr 2, 2021",Italy,-0.35
"Apr 2, 2021",Malaysia,-0.05
"Apr 2, 2021",France,-0.03
"Apr 2, 2021",United States,0.01
"Apr 1, 2021",Italy,-0.22
"Apr 1, 2021",Spain,-0.15
"Apr 1, 2021",United States,-0.01
"Apr 1, 2021",Malaysia,0.01
"Apr 1, 2021",France,0.01
"Mar 31, 2021",Italy,-0.23
"Mar 31, 2021",United States,-0.08
"Mar 31, 2021",France,0.0
"Mar 31, 2021",Malaysia,0.04
"Mar 31, 2021",Spain,0.06
"Mar 30, 2021",Italy,-0.25
"Mar 30, 2021",United States,-0.11
"Mar 30, 2021",Spain,-0.09
"Mar 30, 2021",France,-0.04
"Mar 30, 2021",Malaysia,0.01
"Mar 29, 2021",Italy,-0.33
"Mar 29, 2021",Spain,-0.16
"Mar 29, 2021",United States,-0.15
"Mar 29, 2021",France,-0.03
"Mar 29, 2021",Malaysia,0.01
"Mar 28, 2021",Italy,-0.67
"Mar 28, 2021",Spain,-0.37
"Mar 28, 2021",France,-0.26
"Mar 28, 2021",Malaysia,-0.05
"Mar 28, 2021",United States,-0.03
"Mar 27, 2021",Italy,-0.58
"Mar 27, 2021",France,-0.39
"Mar 27, 2021",Spain,-0.19
"Mar 27, 2021",Malaysia,-0.08
"Mar 27, 2021",United States,-0.04
"Mar 26, 2021",Italy,-0.41
"Mar 26, 2021",Spain,-0.25
"Mar 26, 2021",France,-0.18
"Mar 26, 2021",United States,-0.09
"Mar 26, 2021",Malaysia,-0.09
"Mar 25, 2021",Italy,-0.36
"Mar 25, 2021",United States,-0.13
"Mar 25, 2021",Malaysia,-0.07
"Mar 25, 2021",France,-0.05
"Mar 25, 2021",Spain,-0.04
"Mar 24, 2021",Italy,-0.35
"Mar 24, 2021",United States,-0.16
"Mar 24, 2021",Spain,-0.09
"Mar 24, 2021",Malaysia,-0.05
"Mar 24, 2021",France,-0.04
"Mar 23, 2021",Italy,-0.33
"Mar 23, 2021",United States,-0.18
"Mar 23, 2021",Spain,-0.16
"Mar 23, 2021",Malaysia,-0.04
"Mar 23, 2021",France,-0.03
"Mar 22, 2021",Italy,-0.34
"Mar 22, 2021",Spain,-0.18
"Mar 22, 2021",United States,-0.16
"Mar 22, 2021",Malaysia,-0.05
"Mar 22, 2021",France,-0.03
"Mar 21, 2021",Italy,-0.7
"Mar 21, 2021",Spain,-0.35
"Mar 21, 2021",France,-0.27
"Mar 21, 2021",Malaysia,-0.13
"Mar 21, 2021",United States,0.01
"Mar 20, 2021",Italy,-0.64
"Mar 20, 2021",France,-0.39
"Mar 20, 2021",Spain,-0.34
"Mar 20, 2021",Malaysia,-0.13
"Mar 20, 2021",United States,-0.07
"Mar 19, 2021",Spain,-0.45
"Mar 19, 2021",Italy,-0.45
"Mar 19, 2021",Malaysia,-0.13
"Mar 19, 2021",United States,-0.11
"Mar 19, 2021",France,-0.1
"Mar 18, 2021",Italy,-0.39
"Mar 18, 2021",United States,-0.14
"Mar 18, 2021",Malaysia,-0.09
"Mar 18, 2021",Spain,-0.08
"Mar 18, 2021",France,-0.03
"Mar 17, 2021",Italy,-0.38
"Mar 17, 2021",United States,-0.16
"Mar 17, 2021",Spain,-0.13
"Mar 17, 2021",Malaysia,-0.06
"Mar 17, 2021",France,-0.02
"Mar 16, 2021",Italy,-0.34
"Mar 16, 2021",United States,-0.2
"Mar 16, 2021",Spain,-0.15
"Mar 16, 2021",Malaysia,-0.06
"Mar 16, 2021",France,-0.01
"Mar 15, 2021",Italy,-0.37
"Mar 15, 2021",United States,-0.2
"Mar 15, 2021",Spain,-0.2
"Mar 15, 2021",Malaysia,-0.05
"Mar 15, 2021",France,-0.01
"Mar 14, 2021",Italy,-0.55
"Mar 14, 2021",Spain,-0.43
"Mar 14, 2021",France,-0.22
"Mar 14, 2021",Malaysia,-0.15
"Mar 14, 2021",United States,-0.04
"Mar 13, 2021",Italy,-0.47
"Mar 13, 2021",Spain,-0.32
"Mar 13, 2021",France,-0.31
"Mar 13, 2021",Malaysia,-0.15
"Mar 13, 2021",United States,-0.1
"Mar 12, 2021",Italy,-0.35
"Mar 12, 2021",Spain,-0.31
"Mar 12, 2021",United States,-0.15
"Mar 12, 2021",France,-0.15
"Mar 12, 2021",Malaysia,-0.14
"Mar 11, 2021",Italy,-0.3
"Mar 11, 2021",Spain,-0.2
"Mar 11, 2021",United States,-0.17
"Mar 11, 2021",Malaysia,-0.11
"Mar 11, 2021",France,-0.04
"Mar 10, 2021",Italy,-0.28
"Mar 10, 2021",United States,-0.19
"Mar 10, 2021",Spain,-0.18
"Mar 10, 2021",Malaysia,-0.06
"Mar 10, 2021",France,-0.02
"Mar 9, 2021",Italy,-0.22
"Mar 9, 2021",United States,-0.22
"Mar 9, 2021",Spain,-0.21
"Mar 9, 2021",Malaysia,-0.07
"Mar 9, 2021",France,-0.01
"Mar 8, 2021",Italy,-0.27
"Mar 8, 2021",Spain,-0.24
"Mar 8, 2021",United States,-0.21
"Mar 8, 2021",Malaysia,-0.08
"Mar 8, 2021",France,-0.06
"Mar 7, 2021",Italy,-0.54
"Mar 7, 2021",Spain,-0.5
"Mar 7, 2021",Malaysia,-0.18
"Mar 7, 2021",France,-0.12
"Mar 7, 2021",United States,-0.12
"Mar 6, 2021",Italy,-0.49
"Mar 6, 2021",Spain,-0.38
"Mar 6, 2021",France,-0.2
"Mar 6, 2021",Malaysia,-0.2
"Mar 6, 2021",United States,-0.16
"Mar 5, 2021",Spain,-0.35
"Mar 5, 2021",Italy,-0.34
"Mar 5, 2021",United States,-0.19
"Mar 5, 2021",Malaysia,-0.19
"Mar 5, 2021",France,-0.12
"Mar 4, 2021",Spain,-0.25
"Mar 4, 2021",Italy,-0.24
"Mar 4, 2021",Malaysia,-0.21
"Mar 4, 2021",United States,-0.2
"Mar 4, 2021",France,-0.01
"Mar 3, 2021",Italy,-0.23
"Mar 3, 2021",United States,-0.22
"Mar 3, 2021",Spain,-0.2
"Mar 3, 2021",Malaysia,-0.18
"Mar 3, 2021",France,0.02
"Mar 2, 2021",United States,-0.25
"Mar 2, 2021",Spain,-0.22
"Mar 2, 2021",Malaysia,-0.19
"Mar 2, 2021",Italy,-0.18
"Mar 2, 2021",France,0.02
"Mar 1, 2021",United States,-0.25
"Mar 1, 2021",Spain,-0.24
"Mar 1, 2021",Italy,-0.22
"Mar 1, 2021",Malaysia,-0.19
"Mar 1, 2021",France,0.03
"Feb 28, 2021",Spain,-0.5
"Feb 28, 2021",Malaysia,-0.34
"Feb 28, 2021",Italy,-0.29
"Feb 28, 2021",United States,-0.17
"Feb 28, 2021",France,0.04
"Feb 27, 2021",Spain,-0.39
"Feb 27, 2021",Malaysia,-0.36
"Feb 27, 2021",Italy,-0.32
"Feb 27, 2021",United States,-0.21
"Feb 27, 2021",France,-0.04
"Feb 26, 2021",Spain,-0.37
"Feb 26, 2021",Malaysia,-0.29
"Feb 26, 2021",Italy,-0.26
"Feb 26, 2021",United States,-0.23
"Feb 26, 2021",France,-0.07
"Feb 25, 2021",Spain,-0.25
"Feb 25, 2021",Malaysia,-0.24
"Feb 25, 2021",United States,-0.23
"Feb 25, 2021",Italy,-0.22
"Feb 25, 2021",France,0.04
"Feb 24, 2021",Malaysia,-0.23
"Feb 24, 2021",United States,-0.23
"Feb 24, 2021",Spain,-0.22
"Feb 24, 2021",Italy,-0.2
"Feb 24, 2021",France,0.08
"Feb 23, 2021",United States,-0.27
"Feb 23, 2021",Spain,-0.26
"Feb 23, 2021",Malaysia,-0.24
"Feb 23, 2021",Italy,-0.16
"Feb 23, 2021",France,0.0
"Feb 22, 2021",United States,-0.31
"Feb 22, 2021",Spain,-0.27
"Feb 22, 2021",Malaysia,-0.23
"Feb 22, 2021",Italy,-0.2
"Feb 22, 2021",France,0.05
"Feb 21, 2021",Spain,-0.57
"Feb 21, 2021",Malaysia,-0.4
"Feb 21, 2021",Italy,-0.31
"Feb 21, 2021",United States,-0.24
"Feb 21, 2021",France,0.02
"Feb 20, 2021",Malaysia,-0.44
"Feb 20, 2021",Spain,-0.43
"Feb 20, 2021",Italy,-0.31
"Feb 20, 2021",United States,-0.29
"Feb 20, 2021",France,-0.05
"Feb 19, 2021",Spain,-0.4
"Feb 19, 2021",United States,-0.39
"Feb 19, 2021",Malaysia,-0.38
"Feb 19, 2021",Italy,-0.27
"Feb 19, 2021",France,-0.1
"Feb 18, 2021",United States,-0.42
"Feb 18, 2021",Malaysia,-0.36
"Feb 18, 2021",Spain,-0.25
"Feb 18, 2021",Italy,-0.21
"Feb 18, 2021",France,-0.01
"Feb 17, 2021",Malaysia,-0.33
"Feb 17, 2021",United States,-0.31
"Feb 17, 2021",Spain,-0.26
"Feb 17, 2021",Italy,-0.19
"Feb 17, 2021",France,0.02
"Feb 16, 2021",United States,-0.37
"Feb 16, 2021",Malaysia,-0.34
"Feb 16, 2021",Spain,-0.27
"Feb 16, 2021",Italy,-0.14
"Feb 16, 2021",France,0.0
"Feb 15, 2021",United States,-0.35
"Feb 15, 2021",Malaysia,-0.35
"Feb 15, 2021",Spain,-0.32
"Feb 15, 2021",Italy,-0.19
"Feb 15, 2021",France,-0.06
"Feb 14, 2021",Spain,-0.58
"Feb 14, 2021",Malaysia,-0.49
"Feb 14, 2021",Italy,-0.36
"Feb 14, 2021",United States,-0.31
"Feb 14, 2021",France,-0.19
"Feb 13, 2021",Malaysia,-0.62
"Feb 13, 2021",Spain,-0.49
"Feb 13, 2021",Italy,-0.41
"Feb 13, 2021",United States,-0.28
"Feb 13, 2021",France,-0.23
"Feb 12, 2021",Malaysia,-0.64
"Feb 12, 2021",Spain,-0.43
"Feb 12, 2021",Italy,-0.27
"Feb 12, 2021",United States,-0.26
"Feb 12, 2021",France,-0.21
"Feb 11, 2021",Malaysia,-0.36
"Feb 11, 2021",Spain,-0.32
"Feb 11, 2021",United States,-0.29
"Feb 11, 2021",Italy,-0.2
"Feb 11, 2021",France,-0.1
"Feb 10, 2021",Spain,-0.31
"Feb 10, 2021",United States,-0.28
"Feb 10, 2021",Italy,-0.24
"Feb 10, 2021",Malaysia,-0.22
"Feb 10, 2021",France,-0.17
"Feb 9, 2021",Spain,-0.32
"Feb 9, 2021",United States,-0.31
"Feb 9, 2021",Malaysia,-0.24
"Feb 9, 2021",Italy,-0.17
"Feb 9, 2021",France,-0.07
"Feb 8, 2021",Spain,-0.34
"Feb 8, 2021",United States,-0.33
"Feb 8, 2021",Malaysia,-0.27
"Feb 8, 2021",Italy,-0.21
"Feb 8, 2021",France,-0.08
"Feb 7, 2021",Spain,-0.66
"Feb 7, 2021",Malaysia,-0.53
"Feb 7, 2021",Italy,-0.49
"Feb 7, 2021",United States,-0.33
"Feb 7, 2021",France,-0.29
"Feb 6, 2021",Spain,-0.6
"Feb 6, 2021",Malaysia,-0.52
"Feb 6, 2021",France,-0.33
"Feb 6, 2021",Italy,-0.32
"Feb 6, 2021",United States,-0.26
"Feb 5, 2021",Spain,-0.47
"Feb 5, 2021",Malaysia,-0.43
"Feb 5, 2021",Italy,-0.3
"Feb 5, 2021",United States,-0.29
"Feb 5, 2021",France,-0.22
"Feb 4, 2021",Malaysia,-0.37
"Feb 4, 2021",Spain,-0.35
"Feb 4, 2021",United States,-0.27
"Feb 4, 2021",Italy,-0.25
"Feb 4, 2021",France,-0.1
"Feb 3, 2021",Malaysia,-0.36
"Feb 3, 2021",Spain,-0.34
"Feb 3, 2021",United States,-0.3
"Feb 3, 2021",Italy,-0.27
"Feb 3, 2021",France,-0.13
"Feb 2, 2021",United States,-0.43
"Feb 2, 2021",Malaysia,-0.36
"Feb 2, 2021",Spain,-0.35
"Feb 2, 2021",Italy,-0.21
"Feb 2, 2021",France,-0.11
"Feb 1, 2021",United States,-0.43
"Feb 1, 2021",Malaysia,-0.4
"Feb 1, 2021",Spain,-0.36
"Feb 1, 2021",Italy,-0.23
"Feb 1, 2021",France,-0.08
"Jan 31, 2021",Spain,-0.67
"Jan 31, 2021",Italy,-0.6
"Jan 31, 2021",Malaysia,-0.59
"Jan 31, 2021",United States,-0.28
"Jan 31, 2021",France,-0.23
"Jan 30, 2021",Spain,-0.59
"Jan 30, 2021",Malaysia,-0.57
"Jan 30, 2021",Italy,-0.52
"Jan 30, 2021",France,-0.32
"Jan 30, 2021",United States,-0.27
"Jan 29, 2021",Malaysia,-0.48
"Jan 29, 2021",Spain,-0.48
"Jan 29, 2021",Italy,-0.36
"Jan 29, 2021",United States,-0.28
"Jan 29, 2021",France,-0.19
"Jan 28, 2021",Malaysia,-0.53
"Jan 28, 2021",Spain,-0.35
"Jan 28, 2021",Italy,-0.3
"Jan 28, 2021",United States,-0.29
"Jan 28, 2021",France,-0.09
"Jan 27, 2021",Malaysia,-0.39
"Jan 27, 2021",Spain,-0.35
"Jan 27, 2021",Italy,-0.31
"Jan 27, 2021",United States,-0.3
"Jan 27, 2021",France,-0.12
"Jan 26, 2021",Malaysia,-0.4
"Jan 26, 2021",United States,-0.34
"Jan 26, 2021",Spain,-0.33
"Jan 26, 2021",Italy,-0.23
"Jan 26, 2021",France,-0.05
"Jan 25, 2021",Malaysia,-0.41
"Jan 25, 2021",Spain,-0.37
"Jan 25, 2021",United States,-0.32
"Jan 25, 2021",Italy,-0.29
"Jan 25, 2021",France,-0.08
"Jan 24, 2021",Spain,-0.67
"Jan 24, 2021",Italy,-0.64
"Jan 24, 2021",Malaysia,-0.64
"Jan 24, 2021",France,-0.3
"Jan 24, 2021",United States,-0.27
"Jan 23, 2021",Malaysia,-0.63
"Jan 23, 2021",Spain,-0.59
"Jan 23, 2021",Italy,-0.58
"Jan 23, 2021",France,-0.37
"Jan 23, 2021",United States,-0.28
"Jan 22, 2021",Malaysia,-0.54
"Jan 22, 2021",Spain,-0.5
"Jan 22, 2021",Italy,-0.39
"Jan 22, 2021",United States,-0.3
"Jan 22, 2021",France,-0.23
"Jan 21, 2021",Malaysia,-0.45
"Jan 21, 2021",Spain,-0.36
"Jan 21, 2021",Italy,-0.35
"Jan 21, 2021",United States,-0.29
"Jan 21, 2021",France,-0.11
"Jan 20, 2021",Malaysia,-0.44
"Jan 20, 2021",Spain,-0.33
"Jan 20, 2021",Italy,-0.32
"Jan 20, 2021",United States,-0.31
"Jan 20, 2021",France,-0.09
"Jan 19, 2021",Malaysia,-0.44
"Jan 19, 2021",Spain,-0.35
"Jan 19, 2021",Italy,-0.28
"Jan 19, 2021",United States,-0.25
"Jan 19, 2021",France,-0.08
"Jan 18, 2021",Malaysia,-0.44
"Jan 18, 2021",Spain,-0.38
"Jan 18, 2021",Italy,-0.3
"Jan 18, 2021",United States,-0.23
"Jan 18, 2021",France,-0.1
"Jan 17, 2021",Italy,-0.68
"Jan 17, 2021",Malaysia,-0.67
"Jan 17, 2021",Spain,-0.66
"Jan 17, 2021",France,-0.32
"Jan 17, 2021",United States,-0.25
"Jan 16, 2021",Malaysia,-0.66
"Jan 16, 2021",Spain,-0.57
"Jan 16, 2021",Italy,-0.53
"Jan 16, 2021",France,-0.46
"Jan 16, 2021",United States,-0.24
"Jan 15, 2021",Spain,-0.57
"Jan 15, 2021",Malaysia,-0.55
"Jan 15, 2021",Italy,-0.37
"Jan 15, 2021",United States,-0.26
"Jan 15, 2021",France,-0.24
"Jan 14, 2021",Malaysia,-0.51
"Jan 14, 2021",Spain,-0.49
"Jan 14, 2021",Italy,-0.37
"Jan 14, 2021",United States,-0.27
"Jan 14, 2021",France,-0.12
"Jan 13, 2021",Malaysia,-0.54
"Jan 13, 2021",Spain,-0.51
"Jan 13, 2021",Italy,-0.31
"Jan 13, 2021",United States,-0.28
"Jan 13, 2021",France,-0.13
"Jan 12, 2021",Spain,-0.57
"Jan 12, 2021",United States,-0.31
"Jan 12, 2021",Italy,-0.29
"Jan 12, 2021",France,-0.13
"Jan 12, 2021",Malaysia,0.26
"Jan 11, 2021",Spain,-0.61
"Jan 11, 2021",United States,-0.34
"Jan 11, 2021",Italy,-0.3
"Jan 11, 2021",France,-0.12
"Jan 11, 2021",Malaysia,0.03
"Jan 10, 2021",Spain,-0.75
"Jan 10, 2021",Italy,-0.64
"Jan 10, 2021",France,-0.34
"Jan 10, 2021",United States,-0.29
"Jan 10, 2021",Malaysia,-0.06
"Jan 9, 2021",Spain,-0.79
"Jan 9, 2021",Italy,-0.61
"Jan 9, 2021",France,-0.43
"Jan 9, 2021",United States,-0.31
"Jan 9, 2021",Malaysia,-0.11
"Jan 8, 2021",Spain,-0.6
"Jan 8, 2021",Italy,-0.41
"Jan 8, 2021",United States,-0.33
"Jan 8, 2021",France,-0.28
"Jan 8, 2021",Malaysia,-0.12
"Jan 7, 2021",Spain,-0.39
"Jan 7, 2021",Italy,-0.33
"Jan 7, 2021",United States,-0.3
"Jan 7, 2021",France,-0.16
"Jan 7, 2021",Malaysia,-0.08
"Jan 6, 2021",Italy,-0.7
"Jan 6, 2021",Spain,-0.35
"Jan 6, 2021",United States,-0.29
"Jan 6, 2021",France,-0.14
"Jan 6, 2021",Malaysia,-0.05
"Jan 5, 2021",Italy,-0.52
"Jan 5, 2021",United States,-0.29
"Jan 5, 2021",Spain,-0.24
"Jan 5, 2021",France,-0.12
"Jan 5, 2021",Malaysia,-0.03
"Jan 4, 2021",Italy,-0.39
"Jan 4, 2021",United States,-0.28
"Jan 4, 2021",Spain,-0.26
"Jan 4, 2021",France,-0.14
"Jan 4, 2021",Malaysia,0.02
"Jan 3, 2021",Italy,-0.71
"Jan 3, 2021",Spain,-0.35
"Jan 3, 2021",United States,-0.15
"Jan 3, 2021",France,-0.01
"Jan 3, 2021",Malaysia,0.01
"Jan 2, 2021",Italy,-0.75
"Jan 2, 2021",United States,-0.28
"Jan 2, 2021",Spain,-0.23
"Jan 2, 2021",France,-0.12
"Jan 2, 2021",Malaysia,-0.08
"Jan 1, 2021",Italy,-0.85
"Jan 1, 2021",Spain,-0.64
"Jan 1, 2021",United States,-0.42
"Jan 1, 2021",France,-0.42
"Jan 1, 2021",Malaysia,-0.04
"Dec 31, 2020",Italy,-0.68
"Dec 31, 2020",Spain,-0.33
"Dec 31, 2020",United States,-0.14
"Dec 31, 2020",France,0.18
"Dec 31, 2020",Malaysia,0.3
"Dec 30, 2020",Italy,-0.37
"Dec 30, 2020",United States,-0.09
"Dec 30, 2020",Spain,0.0
"Dec 30, 2020",Malaysia,0.14
"Dec 30, 2020",France,0.25
"Dec 29, 2020",Italy,-0.38
"Dec 29, 2020",Spain,-0.2
"Dec 29, 2020",United States,-0.14
"Dec 29, 2020",Malaysia,0.11
"Dec 29, 2020",France,0.13
"Dec 28, 2020",Italy,-0.47
"Dec 28, 2020",Spain,-0.25
"Dec 28, 2020",United States,-0.17
"Dec 28, 2020",France,0.08
"Dec 28, 2020",Malaysia,0.14
"Dec 27, 2020",Italy,-0.71
"Dec 27, 2020",Spain,-0.38
"Dec 27, 2020",United States,-0.12
"Dec 27, 2020",France,0.05
"Dec 27, 2020",Malaysia,0.12
"Dec 26, 2020",Italy,-0.83
"Dec 26, 2020",Spain,-0.31
"Dec 26, 2020",United States,-0.3
"Dec 26, 2020",Malaysia,-0.09
"Dec 26, 2020",France,-0.06
"Dec 25, 2020",Italy,-0.88
"Dec 25, 2020",Spain,-0.67
"Dec 25, 2020",United States,-0.5
"Dec 25, 2020",France,-0.33
"Dec 25, 2020",Malaysia,-0.01
"Dec 24, 2020",Italy,-0.68
"Dec 24, 2020",Spain,-0.26
"Dec 24, 2020",United States,-0.14
"Dec 24, 2020",France,0.25
"Dec 24, 2020",Malaysia,0.26
"Dec 23, 2020",Italy,-0.07
"Dec 23, 2020",United States,-0.03
"Dec 23, 2020",Malaysia,0.1
"Dec 23, 2020",Spain,0.32
"Dec 23, 2020",France,0.34
"Dec 22, 2020",United States,-0.14
"Dec 22, 2020",Italy,-0.11
"Dec 22, 2020",Spain,-0.02
"Dec 22, 2020",Malaysia,0.05
"Dec 22, 2020",France,0.11
"Dec 21, 2020",United States,-0.24
"Dec 21, 2020",Italy,-0.2
"Dec 21, 2020",Spain,-0.13
"Dec 21, 2020",France,0.0
"Dec 21, 2020",Malaysia,0.04
"Dec 20, 2020",Spain,-0.43
"Dec 20, 2020",Italy,-0.27
"Dec 20, 2020",United States,-0.22
"Dec 20, 2020",France,-0.21
"Dec 20, 2020",Malaysia,-0.04
"Dec 19, 2020",United States,-0.24
"Dec 19, 2020",Italy,-0.2
"Dec 19, 2020",France,-0.19
"Dec 19, 2020",Spain,-0.17
"Dec 19, 2020",Malaysia,-0.08
"Dec 18, 2020",United States,-0.31
"Dec 18, 2020",Spain,-0.29
"Dec 18, 2020",Italy,-0.17
"Dec 18, 2020",France,-0.15
"Dec 18, 2020",Malaysia,-0.07
"Dec 17, 2020",United States,-0.4
"Dec 17, 2020",Italy,-0.18
"Dec 17, 2020",Spain,-0.17
"Dec 17, 2020",Malaysia,-0.06
"Dec 17, 2020",France,-0.05
"Dec 16, 2020",United States,-0.31
"Dec 16, 2020",Italy,-0.21
"Dec 16, 2020",Spain,-0.17
"Dec 16, 2020",Malaysia,-0.08
"Dec 16, 2020",France,-0.07
"Dec 15, 2020",United States,-0.29
"Dec 15, 2020",Spain,-0.18
"Dec 15, 2020",Italy,-0.16
"Dec 15, 2020",Malaysia,-0.05
"Dec 15, 2020",France,-0.02
"Dec 14, 2020",United States,-0.32
"Dec 14, 2020",Spain,-0.22
"Dec 14, 2020",Italy,-0.2
"Dec 14, 2020",France,-0.15
"Dec 14, 2020",Malaysia,-0.05
"Dec 13, 2020",Spain,-0.59
"Dec 13, 2020",France,-0.51
"Dec 13, 2020",Italy,-0.44
"Dec 13, 2020",United States,-0.26
"Dec 13, 2020",Malaysia,-0.07
"Dec 12, 2020",France,-0.53
"Dec 12, 2020",Italy,-0.52
"Dec 12, 2020",Spain,-0.47
"Dec 12, 2020",United States,-0.31
"Dec 12, 2020",Malaysia,-0.19
"Dec 11, 2020",Spain,-0.43
"Dec 11, 2020",Italy,-0.39
"Dec 11, 2020",France,-0.33
"Dec 11, 2020",United States,-0.32
"Dec 11, 2020",Malaysia,-0.12
"Dec 10, 2020",Italy,-0.33
"Dec 10, 2020",United States,-0.28
"Dec 10, 2020",Spain,-0.27
"Dec 10, 2020",France,-0.17
"Dec 10, 2020",Malaysia,-0.05
"Dec 9, 2020",United States,-0.29
"Dec 9, 2020",Italy,-0.26
"Dec 9, 2020",Spain,-0.19
"Dec 9, 2020",France,-0.15
"Dec 9, 2020",Malaysia,-0.11
"Dec 8, 2020",Italy,-0.58
"Dec 8, 2020",Spain,-0.37
"Dec 8, 2020",United States,-0.32
"Dec 8, 2020",France,-0.13
"Dec 8, 2020",Malaysia,-0.13
"Dec 7, 2020",Spain,-0.45
"Dec 7, 2020",Italy,-0.44
"Dec 7, 2020",United States,-0.33
"Dec 7, 2020",France,-0.17
"Dec 7, 2020",Malaysia,-0.15
"Dec 6, 2020",Italy,-0.71
"Dec 6, 2020",Spain,-0.66
"Dec 6, 2020",France,-0.53
"Dec 6, 2020",Malaysia,-0.36
"Dec 6, 2020",United States,-0.28
"Dec 5, 2020",Italy,-0.58
"Dec 5, 2020",France,-0.54
"Dec 5, 2020",Spain,-0.5
"Dec 5, 2020",Malaysia,-0.36
"Dec 5, 2020",United States,-0.33
"Dec 4, 2020",Italy,-0.43
"Dec 4, 2020",Spain,-0.43
"Dec 4, 2020",France,-0.34
"Dec 4, 2020",Malaysia,-0.31
"Dec 4, 2020",United States,-0.31
"Dec 3, 2020",Italy,-0.39
"Dec 3, 2020",United States,-0.29
"Dec 3, 2020",Malaysia,-0.26
"Dec 3, 2020",Spain,-0.18
"Dec 3, 2020",France,-0.18
"Dec 2, 2020",Italy,-0.39
"Dec 2, 2020",United States,-0.29
"Dec 2, 2020",Spain,-0.24
"Dec 2, 2020",Malaysia,-0.24
"Dec 2, 2020",France,-0.18
"Dec 1, 2020",Italy,-0.33
"Dec 1, 2020",United States,-0.28
"Dec 1, 2020",Spain,-0.26
"Dec 1, 2020",Malaysia,-0.23
"Dec 1, 2020",France,-0.16
"Nov 30, 2020",Italy,-0.37
"Nov 30, 2020",Spain,-0.28
"Nov 30, 2020",Malaysia,-0.24
"Nov 30, 2020",United States,-0.22
"Nov 30, 2020",France,-0.19
"Nov 29, 2020",Italy,-0.7
"Nov 29, 2020",Spain,-0.61
"Nov 29, 2020",France,-0.58
"Nov 29, 2020",Malaysia,-0.4
"Nov 29, 2020",United States,-0.02
"Nov 28, 2020",Italy,-0.64
"Nov 28, 2020",France,-0.59
"Nov 28, 2020",Spain,-0.52
"Nov 28, 2020",Malaysia,-0.4
"Nov 28, 2020",United States,-0.22
"Nov 27, 2020",Italy,-0.47
"Nov 27, 2020",Spain,-0.44
"Nov 27, 2020",France,-0.38
"Nov 27, 2020",Malaysia,-0.34
"Nov 27, 2020",United States,-0.28
"Nov 26, 2020",Italy,-0.43
"Nov 26, 2020",Malaysia,-0.29
"Nov 26, 2020",Spain,-0.27
"Nov 26, 2020",United States,-0.26
"Nov 26, 2020",France,-0.24
"Nov 25, 2020",Italy,-0.42
"Nov 25, 2020",Spain,-0.29
"Nov 25, 2020",Malaysia,-0.28
"Nov 25, 2020",France,-0.27
"Nov 25, 2020",United States,-0.01
"Nov 24, 2020",Italy,-0.37
"Nov 24, 2020",Malaysia,-0.28
"Nov 24, 2020",Spain,-0.27
"Nov 24, 2020",France,-0.22
"Nov 24, 2020",United States,-0.14
"Nov 23, 2020",Italy,-0.4
"Nov 23, 2020",Spain,-0.31
"Nov 23, 2020",Malaysia,-0.29
"Nov 23, 2020",France,-0.25
"Nov 23, 2020",United States,-0.24
"Nov 22, 2020",Italy,-0.71
"Nov 22, 2020",France,-0.68
"Nov 22, 2020",Spain,-0.61
"Nov 22, 2020",Malaysia,-0.45
"Nov 22, 2020",United States,-0.17
"Nov 21, 2020",France,-0.68
"Nov 21, 2020",Italy,-0.65
"Nov 21, 2020",Spain,-0.53
"Nov 21, 2020",Malaysia,-0.46
"Nov 21, 2020",United States,-0.16
"Nov 20, 2020",Italy,-0.52
"Nov 20, 2020",Spain,-0.46
"Nov 20, 2020",France,-0.42
"Nov 20, 2020",Malaysia,-0.38
"Nov 20, 2020",United States,-0.24
"Nov 19, 2020",Italy,-0.44
"Nov 19, 2020",Malaysia,-0.33
"Nov 19, 2020",Spain,-0.3
"Nov 19, 2020",France,-0.27
"Nov 19, 2020",United States,-0.25
"Nov 18, 2020",Italy,-0.47
"Nov 18, 2020",Spain,-0.31
"Nov 18, 2020",Malaysia,-0.31
"Nov 18, 2020",France,-0.3
"Nov 18, 2020",United States,-0.26
"Nov 17, 2020",Italy,-0.41
"Nov 17, 2020",Spain,-0.31
"Nov 17, 2020",Malaysia,-0.3
"Nov 17, 2020",United States,-0.27
"Nov 17, 2020",France,-0.26
"Nov 16, 2020",Italy,-0.43
"Nov 16, 2020",Spain,-0.33
"Nov 16, 2020",Malaysia,-0.3
"Nov 16, 2020",United States,-0.28
"Nov 16, 2020",France,-0.25
"Nov 15, 2020",Italy,-0.71
"Nov 15, 2020",France,-0.69
"Nov 15, 2020",Spain,-0.63
"Nov 15, 2020",Malaysia,-0.51
"Nov 15, 2020",United States,-0.2
"Nov 14, 2020",France,-0.7
"Nov 14, 2020",Italy,-0.62
"Nov 14, 2020",Spain,-0.57
"Nov 14, 2020",Malaysia,-0.53
"Nov 14, 2020",United States,-0.23
"Nov 13, 2020",Italy,-0.49
"Nov 13, 2020",Spain,-0.47
"Nov 13, 2020",France,-0.45
"Nov 13, 2020",Malaysia,-0.38
"Nov 13, 2020",United States,-0.27
"Nov 12, 2020",Italy,-0.43
"Nov 12, 2020",Malaysia,-0.32
"Nov 12, 2020",Spain,-0.31
"Nov 12, 2020",France,-0.28
"Nov 12, 2020",United States,-0.25
"Nov 11, 2020",France,-0.66
"Nov 11, 2020",Italy,-0.41
"Nov 11, 2020",Malaysia,-0.3
"Nov 11, 2020",Spain,-0.29
"Nov 11, 2020",United States,-0.25
"Nov 10, 2020",Italy,-0.33
"Nov 10, 2020",Malaysia,-0.31
"Nov 10, 2020",Spain,-0.28
"Nov 10, 2020",United States,-0.27
"Nov 10, 2020",France,-0.22
"Nov 9, 2020",Italy,-0.38
"Nov 9, 2020",Spain,-0.38
"Nov 9, 2020",Malaysia,-0.32
"Nov 9, 2020",France,-0.3
"Nov 9, 2020",United States,-0.25
"Nov 8, 2020",France,-0.74
"Nov 8, 2020",Spain,-0.65
"Nov 8, 2020",Italy,-0.58
"Nov 8, 2020",Malaysia,-0.31
"Nov 8, 2020",United States,-0.15
"Nov 7, 2020",France,-0.73
"Nov 7, 2020",Spain,-0.58
"Nov 7, 2020",Italy,-0.57
"Nov 7, 2020",Malaysia,-0.4
"Nov 7, 2020",United States,-0.2
"Nov 6, 2020",Spain,-0.48
"Nov 6, 2020",Italy,-0.47
"Nov 6, 2020",France,-0.46
"Nov 6, 2020",Malaysia,-0.35
"Nov 6, 2020",United States,-0.23
"Nov 5, 2020",France,-0.34
"Nov 5, 2020",Malaysia,-0.32
"Nov 5, 2020",Italy,-0.31
"Nov 5, 2020",Spain,-0.28
"Nov 5, 2020",United States,-0.24
"Nov 4, 2020",France,-0.34
"Nov 4, 2020",Spain,-0.29
"Nov 4, 2020",Malaysia,-0.29
"Nov 4, 2020",Italy,-0.28
"Nov 4, 2020",United States,-0.26
"Nov 3, 2020",France,-0.3
"Nov 3, 2020",Malaysia,-0.28
"Nov 3, 2020",Spain,-0.25
"Nov 3, 2020",United States,-0.24
"Nov 3, 2020",Italy,-0.23
"Nov 2, 2020",Spain,-0.36
"Nov 2, 2020",France,-0.31
"Nov 2, 2020",Malaysia,-0.28
"Nov 2, 2020",United States,-0.24
"Nov 2, 2020",Italy,-0.21
"Nov 1, 2020",Spain,-0.61
"Nov 1, 2020",France,-0.42
"Nov 1, 2020",Malaysia,-0.4
"Nov 1, 2020",Italy,-0.33
"Nov 1, 2020",United States,-0.19
"Oct 31, 2020",France,-0.54
"Oct 31, 2020",Spain,-0.5
"Oct 31, 2020",Malaysia,-0.41
"Oct 31, 2020",Italy,-0.33
"Oct 31, 2020",United States,-0.24
"Oct 30, 2020",Spain,-0.41
"Oct 30, 2020",Malaysia,-0.34
"Oct 30, 2020",France,-0.29
"Oct 30, 2020",Italy,-0.29
"Oct 30, 2020",United States,-0.21
"Oct 29, 2020",Malaysia,-0.36
"Oct 29, 2020",Italy,-0.27
"Oct 29, 2020",United States,-0.23
"Oct 29, 2020",Spain,-0.14
"Oct 29, 2020",France,0.32
"Oct 28, 2020",Malaysia,-0.26
"Oct 28, 2020",Italy,-0.26
"Oct 28, 2020",United States,-0.23
"Oct 28, 2020",Spain,-0.21
"Oct 28, 2020",France,0.09
"Oct 27, 2020",Malaysia,-0.31
"Oct 27, 2020",United States,-0.24
"Oct 27, 2020",Spain,-0.22
"Oct 27, 2020",Italy,-0.2
"Oct 27, 2020",France,0.09
"Oct 26, 2020",Malaysia,-0.33
"Oct 26, 2020",Spain,-0.25
"Oct 26, 2020",United States,-0.23
"Oct 26, 2020",Italy,-0.22
"Oct 26, 2020",France,0.09
"Oct 25, 2020",Malaysia,-0.51
"Oct 25, 2020",Spain,-0.38
"Oct 25, 2020",Italy,-0.27
"Oct 25, 2020",United States,-0.06
"Oct 25, 2020",France,-0.01
"Oct 24, 2020",Malaysia,-0.49
"Oct 24, 2020",Italy,-0.3
"Oct 24, 2020",Spain,-0.27
"Oct 24, 2020",United States,-0.16
"Oct 24, 2020",France,-0.15
"Oct 23, 2020",Malaysia,-0.43
"Oct 23, 2020",Spain,-0.31
"Oct 23, 2020",Italy,-0.21
"Oct 23, 2020",United States,-0.15
"Oct 23, 2020",France,-0.01
"Oct 22, 2020",Malaysia,-0.42
"Oct 22, 2020",Spain,-0.26
"Oct 22, 2020",Italy,-0.19
"Oct 22, 2020",United States,-0.19
"Oct 22, 2020",France,0.05
"Oct 21, 2020",Malaysia,-0.28
"Oct 21, 2020",Spain,-0.22
"Oct 21, 2020",United States,-0.2
"Oct 21, 2020",Italy,-0.16
"Oct 21, 2020",France,0.08
"Oct 20, 2020",Malaysia,-0.31
"Oct 20, 2020",Spain,-0.22
"Oct 20, 2020",United States,-0.22
"Oct 20, 2020",Italy,-0.12
"Oct 20, 2020",France,0.03
"Oct 19, 2020",Malaysia,-0.31
"Oct 19, 2020",Spain,-0.23
"Oct 19, 2020",United States,-0.19
"Oct 19, 2020",Italy,-0.11
"Oct 19, 2020",France,0.08
"Oct 18, 2020",Malaysia,-0.5
"Oct 18, 2020",Spain,-0.39
"Oct 18, 2020",Italy,-0.1
"Oct 18, 2020",France,-0.03
"Oct 18, 2020",United States,0.0
"Oct 17, 2020",Malaysia,-0.5
"Oct 17, 2020",Spain,-0.3
"Oct 17, 2020",France,-0.18
"Oct 17, 2020",Italy,-0.17
"Oct 17, 2020",United States,-0.11
"Oct 16, 2020",Malaysia,-0.41
"Oct 16, 2020",Spain,-0.33
"Oct 16, 2020",Italy,-0.14
"Oct 16, 2020",United States,-0.14
"Oct 16, 2020",France,-0.04
"Oct 15, 2020",Malaysia,-0.36
"Oct 15, 2020",Spain,-0.23
"Oct 15, 2020",United States,-0.15
"Oct 15, 2020",Italy,-0.14
"Oct 15, 2020",France,0.02
"Oct 14, 2020",Malaysia,-0.35
"Oct 14, 2020",Spain,-0.2
"Oct 14, 2020",United States,-0.18
"Oct 14, 2020",Italy,-0.12
"Oct 14, 2020",France,0.01
"Oct 13, 2020",United States,-0.2
"Oct 13, 2020",Spain,-0.09
"Oct 13, 2020",Italy,-0.03
"Oct 13, 2020",France,0.05
"Oct 13, 2020",Malaysia,0.1
"Oct 12, 2020",United States,-0.16
"Oct 12, 2020",Italy,-0.04
"Oct 12, 2020",Malaysia,-0.04
"Oct 12, 2020",France,0.04
"Oct 12, 2020",Spain,0.24
"Oct 11, 2020",Spain,-0.4
"Oct 11, 2020",Italy,-0.13
"Oct 11, 2020",Malaysia,-0.09
"Oct 11, 2020",France,-0.09
"Oct 11, 2020",United States,-0.04
"Oct 10, 2020",France,-0.25
"Oct 10, 2020",Spain,-0.15
"Oct 10, 2020",United States,-0.12
"Oct 10, 2020",Malaysia,-0.11
"Oct 10, 2020",Italy,-0.03
"Oct 9, 2020",United States,-0.16
"Oct 9, 2020",Malaysia,-0.07
"Oct 9, 2020",Italy,-0.06
"Oct 9, 2020",France,-0.04
"Oct 9, 2020",Spain,-0.04
"Oct 8, 2020",United States,-0.16
"Oct 8, 2020",Spain,-0.12
"Oct 8, 2020",Italy,-0.05
"Oct 8, 2020",Malaysia,-0.01
"Oct 8, 2020",France,0.05
"Oct 7, 2020",United States,-0.19
"Oct 7, 2020",Spain,-0.18
"Oct 7, 2020",Malaysia,-0.05
"Oct 7, 2020",Italy,-0.05
"Oct 7, 2020",France,0.04
"Oct 6, 2020",United States,-0.23
"Oct 6, 2020",Spain,-0.19
"Oct 6, 2020",Malaysia,-0.01
"Oct 6, 2020",Italy,0.01
"Oct 6, 2020",France,0.06
"Oct 5, 2020",Spain,-0.23
"Oct 5, 2020",United States,-0.21
"Oct 5, 2020",Italy,-0.07
"Oct 5, 2020",Malaysia,0.0
"Oct 5, 2020",France,0.0
"Oct 4, 2020",Spain,-0.33
"Oct 4, 2020",France,-0.1
"Oct 4, 2020",Italy,-0.06
"Oct 4, 2020",United States,-0.06
"Oct 4, 2020",Malaysia,-0.01
"Oct 3, 2020",Spain,-0.31
"Oct 3, 2020",France,-0.27
"Oct 3, 2020",United States,-0.16
"Oct 3, 2020",Italy,-0.12
"Oct 3, 2020",Malaysia,-0.02
"Oct 2, 2020",United States,-0.2
"Oct 2, 2020",Spain,-0.2
"Oct 2, 2020",Italy,-0.09
"Oct 2, 2020",France,-0.05
"Oct 2, 2020",Malaysia,0.03
"Oct 1, 2020",Spain,-0.27
"Oct 1, 2020",United States,-0.18
"Oct 1, 2020",Italy,-0.14
"Oct 1, 2020",France,-0.06
"Oct 1, 2020",Malaysia,-0.01
"Sep 30, 2020",United States,-0.21
"Sep 30, 2020",Spain,-0.14
"Sep 30, 2020",Italy,-0.01
"Sep 30, 2020",France,0.07
"Sep 30, 2020",Malaysia,0.07
"Sep 29, 2020",United States,-0.22
"Sep 29, 2020",Spain,-0.16
"Sep 29, 2020",Italy,0.05
"Sep 29, 2020",Malaysia,0.07
"Sep 29, 2020",France,0.08
"Sep 28, 2020",United States,-0.2
"Sep 28, 2020",Spain,-0.17
"Sep 28, 2020",Italy,0.0
"Sep 28, 2020",France,0.05
"Sep 28, 2020",Malaysia,0.1
"Sep 27, 2020",Spain,-0.14
"Sep 27, 2020",Italy,-0.04
"Sep 27, 2020",France,-0.03
"Sep 27, 2020",United States,-0.02
"Sep 27, 2020",Malaysia,0.16
"Sep 26, 2020",France,-0.22
"Sep 26, 2020",Spain,-0.18
"Sep 26, 2020",United States,-0.1
"Sep 26, 2020",Italy,0.0
"Sep 26, 2020",Malaysia,0.1
"Sep 25, 2020",Spain,-0.19
"Sep 25, 2020",United States,-0.12
"Sep 25, 2020",Italy,-0.04
"Sep 25, 2020",France,0.0
"Sep 25, 2020",Malaysia,0.1
"Sep 24, 2020",United States,-0.16
"Sep 24, 2020",Spain,-0.11
"Sep 24, 2020",Italy,-0.01
"Sep 24, 2020",France,0.08
"Sep 24, 2020",Malaysia,0.1
"Sep 23, 2020",United States,-0.19
"Sep 23, 2020",Spain,-0.11
"Sep 23, 2020",Italy,-0.01
"Sep 23, 2020",Malaysia,0.04
"Sep 23, 2020",France,0.06
"Sep 22, 2020",United States,-0.22
"Sep 22, 2020",Spain,-0.15
"Sep 22, 2020",Malaysia,0.07
"Sep 22, 2020",Italy,0.09
"Sep 22, 2020",France,0.11
"Sep 21, 2020",United States,-0.19
"Sep 21, 2020",Spain,-0.13
"Sep 21, 2020",Italy,0.08
"Sep 21, 2020",France,0.09
"Sep 21, 2020",Malaysia,0.09
"Sep 20, 2020",Spain,-0.14
"Sep 20, 2020",United States,-0.04
"Sep 20, 2020",France,0.06
"Sep 20, 2020",Malaysia,0.09
"Sep 20, 2020",Italy,0.26
"Sep 19, 2020",Spain,-0.17
"Sep 19, 2020",France,-0.16
"Sep 19, 2020",United States,-0.12
"Sep 19, 2020",Malaysia,0.05
"Sep 19, 2020",Italy,0.14
"Sep 18, 2020",United States,-0.18
"Sep 18, 2020",Spain,-0.16
"Sep 18, 2020",Malaysia,0.04
"Sep 18, 2020",France,0.04
"Sep 18, 2020",Italy,0.09
"Sep 17, 2020",United States,-0.19
"Sep 17, 2020",Spain,-0.11
"Sep 17, 2020",Malaysia,0.05
"Sep 17, 2020",Italy,0.06
"Sep 17, 2020",France,0.11
"Sep 16, 2020",United States,-0.2
"Sep 16, 2020",Spain,-0.09
"Sep 16, 2020",Italy,0.04
"Sep 16, 2020",France,0.11
"Sep 16, 2020",Malaysia,0.17
"Sep 15, 2020",United States,-0.22
"Sep 15, 2020",Spain,-0.08
"Sep 15, 2020",Italy,0.12
"Sep 15, 2020",France,0.13
"Sep 15, 2020",Malaysia,0.22
"Sep 14, 2020",United States,-0.21
"Sep 14, 2020",Spain,-0.07
"Sep 14, 2020",Malaysia,0.07
"Sep 14, 2020",Italy,0.12
"Sep 14, 2020",France,0.13
"Sep 13, 2020",United States,-0.08
"Sep 13, 2020",Malaysia,0.08
"Sep 13, 2020",Spain,0.14
"Sep 13, 2020",France,0.21
"Sep 13, 2020",Italy,0.42
"Sep 12, 2020",United States,-0.15
"Sep 12, 2020",France,-0.09
"Sep 12, 2020",Spain,0.0
"Sep 12, 2020",Malaysia,0.03
"Sep 12, 2020",Italy,0.26
"Sep 11, 2020",United States,-0.21
"Sep 11, 2020",Spain,-0.05
"Sep 11, 2020",Malaysia,0.04
"Sep 11, 2020",France,0.06
"Sep 11, 2020",Italy,0.12
"Sep 10, 2020",United States,-0.19
"Sep 10, 2020",Spain,0.05
"Sep 10, 2020",Malaysia,0.05
"Sep 10, 2020",Italy,0.1
"Sep 10, 2020",France,0.12
"Sep 9, 2020",United States,-0.19
"Sep 9, 2020",Spain,-0.05
"Sep 9, 2020",Malaysia,0.06
"Sep 9, 2020",Italy,0.07
"Sep 9, 2020",France,0.11
"Sep 8, 2020",Spain,-0.02
"Sep 8, 2020",United States,-0.01
"Sep 8, 2020",Malaysia,0.07
"Sep 8, 2020",France,0.13
"Sep 8, 2020",Italy,0.17
"Sep 7, 2020",Spain,0.01
"Sep 7, 2020",United States,0.03
"Sep 7, 2020",Malaysia,0.08
"Sep 7, 2020",France,0.12
"Sep 7, 2020",Italy,0.21
"Sep 6, 2020",United States,-0.05
"Sep 6, 2020",Malaysia,0.09
"Sep 6, 2020",France,0.12
"Sep 6, 2020",Spain,0.14
"Sep 6, 2020",Italy,0.52
"Sep 5, 2020",France,-0.08
"Sep 5, 2020",United States,0.01
"Sep 5, 2020",Malaysia,0.06
"Sep 5, 2020",Spain,0.09
"Sep 5, 2020",Italy,0.36
"Sep 4, 2020",United States,-0.04
"Sep 4, 2020",Spain,-0.04
"Sep 4, 2020",Malaysia,0.04
"Sep 4, 2020",France,0.04
"Sep 4, 2020",Italy,0.14
"Sep 3, 2020",United States,-0.14
"Sep 3, 2020",Spain,-0.01
"Sep 3, 2020",Malaysia,0.04
"Sep 3, 2020",Italy,0.08
"Sep 3, 2020",France,0.1
"Sep 2, 2020",United States,-0.19
"Sep 2, 2020",Spain,0.01
"Sep 2, 2020",Malaysia,0.03
"Sep 2, 2020",Italy,0.04
"Sep 2, 2020",France,0.09
"Sep 1, 2020",United States,-0.21
"Sep 1, 2020",Spain,0.09
"Sep 1, 2020",Malaysia,0.11
"Sep 1, 2020",France,0.12
"Sep 1, 2020",Italy,0.18
"Aug 31, 2020",United States,-0.17
"Aug 31, 2020",France,0.19
"Aug 31, 2020",Spain,0.26
"Aug 31, 2020",Italy,0.36
"Aug 31, 2020",Malaysia,0.46
"Aug 30, 2020",United States,-0.04
"Aug 30, 2020",France,0.25
"Aug 30, 2020",Malaysia,0.28
"Aug 30, 2020",Spain,0.36
"Aug 30, 2020",Italy,0.56
"Aug 29, 2020",United States,-0.16
"Aug 29, 2020",France,0.01
"Aug 29, 2020",Malaysia,0.05
"Aug 29, 2020",Spain,0.21
"Aug 29, 2020",Italy,0.37
"Aug 28, 2020",United States,-0.14
"Aug 28, 2020",Spain,-0.01
"Aug 28, 2020",Malaysia,0.08
"Aug 28, 2020",France,0.08
"Aug 28, 2020",Italy,0.15
"Aug 27, 2020",United States,-0.16
"Aug 27, 2020",Malaysia,0.05
"Aug 27, 2020",Spain,0.24
"Aug 27, 2020",Italy,0.27
"Aug 27, 2020",France,0.31
"Aug 26, 2020",United States,-0.16
"Aug 26, 2020",Malaysia,0.0
"Aug 26, 2020",Italy,0.22
"Aug 26, 2020",Spain,0.25
"Aug 26, 2020",France,0.26
"Aug 25, 2020",United States,-0.2
"Aug 25, 2020",Malaysia,0.04
"Aug 25, 2020",Spain,0.28
"Aug 25, 2020",France,0.3
"Aug 25, 2020",Italy,0.41
"Aug 24, 2020",United States,-0.16
"Aug 24, 2020",Malaysia,0.11
"Aug 24, 2020",France,0.37
"Aug 24, 2020",Spain,0.45
"Aug 24, 2020",Italy,0.67
"Aug 23, 2020",United States,0.0
"Aug 23, 2020",Malaysia,0.12
"Aug 23, 2020",France,0.53
"Aug 23, 2020",Spain,0.55
"Aug 23, 2020",Italy,0.99
"Aug 22, 2020",United States,-0.07
"Aug 22, 2020",Malaysia,0.0
"Aug 22, 2020",France,0.41
"Aug 22, 2020",Spain,0.58
"Aug 22, 2020",Italy,1.04
"Aug 21, 2020",Malaysia,-0.17
"Aug 21, 2020",United States,-0.1
"Aug 21, 2020",Spain,-0.08
"Aug 21, 2020",France,-0.02
"Aug 21, 2020",Italy,0.07
"Aug 20, 2020",United States,-0.11
"Aug 20, 2020",Malaysia,0.16
"Aug 20, 2020",France,0.37
"Aug 20, 2020",Spain,0.38
"Aug 20, 2020",Italy,0.48
"Aug 19, 2020",United States,-0.14
"Aug 19, 2020",Malaysia,0.18
"Aug 19, 2020",France,0.36
"Aug 19, 2020",Spain,0.39
"Aug 19, 2020",Italy,0.44
"Aug 18, 2020",United States,-0.16
"Aug 18, 2020",Malaysia,0.01
"Aug 18, 2020",France,0.35
"Aug 18, 2020",Spain,0.39
"Aug 18, 2020",Italy,0.57
"Aug 17, 2020",United States,-0.13
"Aug 17, 2020",Malaysia,0.02
"Aug 17, 2020",France,0.48
"Aug 17, 2020",Spain,0.66
"Aug 17, 2020",Italy,0.87
"Aug 16, 2020",Malaysia,-0.02
"Aug 16, 2020",United States,0.01
"Aug 16, 2020",France,0.53
"Aug 16, 2020",Spain,0.64
"Aug 16, 2020",Italy,0.93
"Aug 15, 2020",Malaysia,-0.05
"Aug 15, 2020",United States,-0.04
"Aug 15, 2020",France,0.48
"Aug 15, 2020",Italy,0.72
"Aug 15, 2020",Spain,0.91
"Aug 14, 2020",United States,-0.09
"Aug 14, 2020",Malaysia,-0.02
"Aug 14, 2020",France,0.29
"Aug 14, 2020",Spain,0.3
"Aug 14, 2020",Italy,0.38
"Aug 13, 2020",United States,-0.12
"Aug 13, 2020",Malaysia,-0.02
"Aug 13, 2020",France,0.35
"Aug 13, 2020",Spain,0.41
"Aug 13, 2020",Italy,0.44
"Aug 12, 2020",United States,-0.15
"Aug 12, 2020",Malaysia,0.01
"Aug 12, 2020",France,0.35
"Aug 12, 2020",Italy,0.39
"Aug 12, 2020",Spain,0.4
"Aug 11, 2020",United States,-0.17
"Aug 11, 2020",Malaysia,0.02
"Aug 11, 2020",France,0.33
"Aug 11, 2020",Spain,0.35
"Aug 11, 2020",Italy,0.47
"Aug 10, 2020",United States,-0.13
"Aug 10, 2020",Malaysia,0.03
"Aug 10, 2020",France,0.43
"Aug 10, 2020",Spain,0.6
"Aug 10, 2020",Italy,0.68
"Aug 9, 2020",United States,0.01
"Aug 9, 2020",Malaysia,0.03
"Aug 9, 2020",Spain,0.47
"Aug 9, 2020",France,0.47
"Aug 9, 2020",Italy,0.7
"Aug 8, 2020",United States,-0.07
"Aug 8, 2020",Malaysia,0.01
"Aug 8, 2020",France,0.5
"Aug 8, 2020",Spain,0.8
"Aug 8, 2020",Italy,1.06
"Aug 7, 2020",United States,-0.13
"Aug 7, 2020",Malaysia,-0.01
"Aug 7, 2020",France,0.23
"Aug 7, 2020",Spain,0.25
"Aug 7, 2020",Italy,0.38
"Aug 6, 2020",United States,-0.13
"Aug 6, 2020",Malaysia,0.0
"Aug 6, 2020",Spain,0.3
"Aug 6, 2020",France,0.31
"Aug 6, 2020",Italy,0.32
"Aug 5, 2020",United States,-0.16
"Aug 5, 2020",Malaysia,0.04
"Aug 5, 2020",Italy,0.28
"Aug 5, 2020",Spain,0.29
"Aug 5, 2020",France,0.33
"Aug 4, 2020",United States,-0.24
"Aug 4, 2020",Malaysia,0.11
"Aug 4, 2020",Spain,0.26
"Aug 4, 2020",France,0.3
"Aug 4, 2020",Italy,0.33
"Aug 3, 2020",United States,-0.17
"Aug 3, 2020",Malaysia,0.31
"Aug 3, 2020",France,0.38
"Aug 3, 2020",Italy,0.44
"Aug 3, 2020",Spain,0.5
"Aug 2, 2020",United States,-0.03
"Aug 2, 2020",Malaysia,0.42
"Aug 2, 2020",France,0.43
"Aug 2, 2020",Spain,0.45
"Aug 2, 2020",Italy,0.48
"Aug 1, 2020",United States,-0.06
"Aug 1, 2020",Malaysia,0.01
"Aug 1, 2020",France,0.45
"Aug 1, 2020",Italy,0.8
"Aug 1, 2020",Spain,0.97
"Jul 31, 2020",United States,-0.12
"Jul 31, 2020",Malaysia,-0.03
"Jul 31, 2020",France,0.26
"Jul 31, 2020",Italy,0.31
"Jul 31, 2020",Spain,0.34
"Jul 30, 2020",United States,-0.15
"Jul 30, 2020",Italy,0.2
"Jul 30, 2020",France,0.26
"Jul 30, 2020",Spain,0.26
"Jul 30, 2020",Malaysia,0.45
"Jul 29, 2020",United States,-0.18
"Jul 29, 2020",Italy,0.17
"Jul 29, 2020",Spain,0.18
"Jul 29, 2020",France,0.27
"Jul 29, 2020",Malaysia,0.33
"Jul 28, 2020",United States,-0.21
"Jul 28, 2020",Malaysia,0.08
"Jul 28, 2020",Spain,0.16
"Jul 28, 2020",France,0.22
"Jul 28, 2020",Italy,0.23
"Jul 27, 2020",United States,-0.17
"Jul 27, 2020",Malaysia,0.03
"Jul 27, 2020",France,0.23
"Jul 27, 2020",Spain,0.24
"Jul 27, 2020",Italy,0.32
"Jul 26, 2020",United States,-0.06
"Jul 26, 2020",Malaysia,-0.01
"Jul 26, 2020",France,0.28
"Jul 26, 2020",Spain,0.32
"Jul 26, 2020",Italy,0.53
"Jul 25, 2020",United States,-0.09
"Jul 25, 2020",Malaysia,-0.03
"Jul 25, 2020",France,0.21
"Jul 25, 2020",Spain,0.36
"Jul 25, 2020",Italy,0.48
"Jul 24, 2020",United States,-0.14
"Jul 24, 2020",Malaysia,-0.04
"Jul 24, 2020",France,0.16
"Jul 24, 2020",Spain,0.16
"Jul 24, 2020",Italy,0.2
"Jul 23, 2020",United States,-0.17
"Jul 23, 2020",Malaysia,-0.04
"Jul 23, 2020",Italy,0.13
"Jul 23, 2020",Spain,0.15
"Jul 23, 2020",France,0.2
"Jul 22, 2020",United States,-0.2
"Jul 22, 2020",Malaysia,-0.05
"Jul 22, 2020",Italy,0.08
"Jul 22, 2020",Spain,0.12
"Jul 22, 2020",France,0.21
"Jul 21, 2020",United States,-0.21
"Jul 21, 2020",Malaysia,-0.05
"Jul 21, 2020",Spain,0.07
"Jul 21, 2020",Italy,0.14
"Jul 21, 2020",France,0.21
"Jul 20, 2020",United States,-0.17
"Jul 20, 2020",Malaysia,-0.03
"Jul 20, 2020",Spain,0.14
"Jul 20, 2020",France,0.16
"Jul 20, 2020",Italy,0.18
"Jul 19, 2020",Malaysia,-0.03
"Jul 19, 2020",United States,-0.03
"Jul 19, 2020",Spain,0.31
"Jul 19, 2020",France,0.32
"Jul 19, 2020",Italy,0.48
"Jul 18, 2020",United States,-0.09
"Jul 18, 2020",Malaysia,-0.09
"Jul 18, 2020",France,0.2
"Jul 18, 2020",Spain,0.29
"Jul 18, 2020",Italy,0.39
"Jul 17, 2020",United States,-0.15
"Jul 17, 2020",Malaysia,-0.06
"Jul 17, 2020",France,0.12
"Jul 17, 2020",Italy,0.13
"Jul 17, 2020",Spain,0.14
"Jul 16, 2020",United States,-0.17
"Jul 16, 2020",Malaysia,-0.07
"Jul 16, 2020",Italy,0.08
"Jul 16, 2020",France,0.17
"Jul 16, 2020",Spain,0.17
"Jul 15, 2020",United States,-0.19
"Jul 15, 2020",Malaysia,-0.09
"Jul 15, 2020",Italy,0.03
"Jul 15, 2020",Spain,0.14
"Jul 15, 2020",France,0.36
"Jul 14, 2020",United States,-0.23
"Jul 14, 2020",Malaysia,-0.08
"Jul 14, 2020",Italy,0.08
"Jul 14, 2020",Spain,0.08
"Jul 14, 2020",France,0.62
"Jul 13, 2020",United States,-0.2
"Jul 13, 2020",Malaysia,-0.01
"Jul 13, 2020",Spain,0.16
"Jul 13, 2020",Italy,0.17
"Jul 13, 2020",France,0.21
"Jul 12, 2020",United States,-0.07
"Jul 12, 2020",Malaysia,0.03
"Jul 12, 2020",France,0.18
"Jul 12, 2020",Spain,0.28
"Jul 12, 2020",Italy,0.39
"Jul 11, 2020",United States,-0.14
"Jul 11, 2020",Malaysia,-0.03
"Jul 11, 2020",Spain,0.24
"Jul 11, 2020",Italy,0.26
"Jul 11, 2020",France,0.32
"Jul 10, 2020",United States,-0.21
"Jul 10, 2020",Malaysia,-0.07
"Jul 10, 2020",Spain,0.04
"Jul 10, 2020",Italy,0.05
"Jul 10, 2020",France,0.21
"Jul 9, 2020",United States,-0.17
"Jul 9, 2020",Malaysia,-0.05
"Jul 9, 2020",Italy,0.0
"Jul 9, 2020",Spain,0.07
"Jul 9, 2020",France,0.17
"Jul 8, 2020",United States,-0.2
"Jul 8, 2020",Malaysia,-0.03
"Jul 8, 2020",Italy,-0.02
"Jul 8, 2020",Spain,0.02
"Jul 8, 2020",France,0.16
"Jul 7, 2020",United States,-0.17
"Jul 7, 2020",Malaysia,-0.03
"Jul 7, 2020",Spain,-0.01
"Jul 7, 2020",Italy,0.0
"Jul 7, 2020",France,0.14
"Jul 6, 2020",United States,-0.07
"Jul 6, 2020",Malaysia,-0.01
"Jul 6, 2020",Spain,0.05
"Jul 6, 2020",Italy,0.08
"Jul 6, 2020",France,0.13
"Jul 5, 2020",United States,0.0
"Jul 5, 2020",Malaysia,0.01
"Jul 5, 2020",Spain,0.14
"Jul 5, 2020",France,0.15
"Jul 5, 2020",Italy,0.3
"Jul 4, 2020",United States,-0.28
"Jul 4, 2020",Malaysia,-0.07
"Jul 4, 2020",France,-0.03
"Jul 4, 2020",Spain,0.07
"Jul 4, 2020",Italy,0.14
"Jul 3, 2020",Malaysia,-0.07
"Jul 3, 2020",United States,-0.04
"Jul 3, 2020",Spain,-0.02
"Jul 3, 2020",Italy,0.01
"Jul 3, 2020",France,0.02
"Jul 2, 2020",Italy,-0.08
"Jul 2, 2020",Malaysia,-0.08
"Jul 2, 2020",Spain,-0.03
"Jul 2, 2020",United States,-0.01
"Jul 2, 2020",France,0.05
"Jul 1, 2020",United States,-0.14
"Jul 1, 2020",Malaysia,-0.08
"Jul 1, 2020",Italy,-0.06
"Jul 1, 2020",Spain,0.0
"Jul 1, 2020",France,0.06
"Jun 30, 2020",United States,-0.21
"Jun 30, 2020",Spain,-0.1
"Jun 30, 2020",Malaysia,-0.07
"Jun 30, 2020",Italy,0.0
"Jun 30, 2020",France,0.05
"Jun 29, 2020",United States,-0.2
"Jun 29, 2020",Spain,-0.08
"Jun 29, 2020",Malaysia,-0.04
"Jun 29, 2020",France,0.03
"Jun 29, 2020",Italy,0.16
"Jun 28, 2020",United States,-0.07
"Jun 28, 2020",Malaysia,-0.05
"Jun 28, 2020",Spain,0.01
"Jun 28, 2020",France,0.05
"Jun 28, 2020",Italy,0.2
"Jun 27, 2020",France,-0.16
"Jun 27, 2020",United States,-0.12
"Jun 27, 2020",Spain,-0.12
"Jun 27, 2020",Malaysia,-0.12
"Jun 27, 2020",Italy,0.15
"Jun 26, 2020",Spain,-0.15
"Jun 26, 2020",United States,-0.14
"Jun 26, 2020",Malaysia,-0.1
"Jun 26, 2020",France,-0.03
"Jun 26, 2020",Italy,-0.01
"Jun 25, 2020",United States,-0.17
"Jun 25, 2020",Spain,-0.13
"Jun 25, 2020",Italy,-0.11
"Jun 25, 2020",Malaysia,-0.11
"Jun 25, 2020",France,0.03
"Jun 24, 2020",United States,-0.21
"Jun 24, 2020",Spain,-0.15
"Jun 24, 2020",Italy,-0.13
"Jun 24, 2020",Malaysia,-0.11
"Jun 24, 2020",France,0.04
"Jun 23, 2020",United States,-0.23
"Jun 23, 2020",Spain,-0.16
"Jun 23, 2020",Italy,-0.1
"Jun 23, 2020",Malaysia,-0.08
"Jun 23, 2020",France,0.01
"Jun 22, 2020",Spain,-0.24
"Jun 22, 2020",United States,-0.2
"Jun 22, 2020",Italy,-0.1
"Jun 22, 2020",Malaysia,-0.06
"Jun 22, 2020",France,0.0
"Jun 21, 2020",Spain,-0.39
"Jun 21, 2020",United States,-0.11
"Jun 21, 2020",Malaysia,-0.07
"Jun 21, 2020",France,0.02
"Jun 21, 2020",Italy,0.14
"Jun 20, 2020",Spain,-0.46
"Jun 20, 2020",France,-0.21
"Jun 20, 2020",Malaysia,-0.17
"Jun 20, 2020",United States,-0.14
"Jun 20, 2020",Italy,-0.02
"Jun 19, 2020",Spain,-0.54
"Jun 19, 2020",Italy,-0.16
"Jun 19, 2020",United States,-0.16
"Jun 19, 2020",Malaysia,-0.1
"Jun 19, 2020",France,-0.07
"Jun 18, 2020",Spain,-0.48
"Jun 18, 2020",Italy,-0.23
"Jun 18, 2020",United States,-0.21
"Jun 18, 2020",Malaysia,-0.15
"Jun 18, 2020",France,-0.07
"Jun 17, 2020",Spain,-0.47
"Jun 17, 2020",Italy,-0.26
"Jun 17, 2020",United States,-0.23
"Jun 17, 2020",Malaysia,-0.12
"Jun 17, 2020",France,-0.07
"Jun 16, 2020",Spain,-0.5
"Jun 16, 2020",United States,-0.27
"Jun 16, 2020",Italy,-0.22
"Jun 16, 2020",Malaysia,-0.13
"Jun 16, 2020",France,-0.08
"Jun 15, 2020",Spain,-0.49
"Jun 15, 2020",United States,-0.24
"Jun 15, 2020",Italy,-0.2
"Jun 15, 2020",Malaysia,-0.09
"Jun 15, 2020",France,-0.07
"Jun 14, 2020",Spain,-0.66
"Jun 14, 2020",Malaysia,-0.16
"Jun 14, 2020",Italy,-0.13
"Jun 14, 2020",United States,-0.12
"Jun 14, 2020",France,-0.1
"Jun 13, 2020",Spain,-0.58
"Jun 13, 2020",France,-0.33
"Jun 13, 2020",Malaysia,-0.26
"Jun 13, 2020",Italy,-0.22
"Jun 13, 2020",United States,-0.18
"Jun 12, 2020",Spain,-0.63
"Jun 12, 2020",Italy,-0.29
"Jun 12, 2020",Malaysia,-0.22
"Jun 12, 2020",United States,-0.22
"Jun 12, 2020",France,-0.2
"Jun 11, 2020",Spain,-0.52
"Jun 11, 2020",Italy,-0.28
"Jun 11, 2020",United States,-0.27
"Jun 11, 2020",Malaysia,-0.18
"Jun 11, 2020",France,-0.12
"Jun 10, 2020",Spain,-0.49
"Jun 10, 2020",Italy,-0.3
"Jun 10, 2020",United States,-0.28
"Jun 10, 2020",Malaysia,-0.17
"Jun 10, 2020",France,-0.11
"Jun 9, 2020",Spain,-0.52
"Jun 9, 2020",United States,-0.31
"Jun 9, 2020",Malaysia,-0.29
"Jun 9, 2020",Italy,-0.27
"Jun 9, 2020",France,-0.13
"Jun 8, 2020",Spain,-0.54
"Jun 8, 2020",Malaysia,-0.43
"Jun 8, 2020",Italy,-0.3
"Jun 8, 2020",United States,-0.3
"Jun 8, 2020",France,-0.13
"Jun 7, 2020",Spain,-0.76
"Jun 7, 2020",Malaysia,-0.51
"Jun 7, 2020",Italy,-0.3
"Jun 7, 2020",United States,-0.22
"Jun 7, 2020",France,-0.17
"Jun 6, 2020",Spain,-0.65
"Jun 6, 2020",Malaysia,-0.5
"Jun 6, 2020",France,-0.37
"Jun 6, 2020",United States,-0.28
"Jun 6, 2020",Italy,-0.25
"Jun 5, 2020",Spain,-0.65
"Jun 5, 2020",Malaysia,-0.45
"Jun 5, 2020",Italy,-0.32
"Jun 5, 2020",United States,-0.29
"Jun 5, 2020",France,-0.21
"Jun 4, 2020",Spain,-0.57
"Jun 4, 2020",Malaysia,-0.41
"Jun 4, 2020",Italy,-0.34
"Jun 4, 2020",United States,-0.31
"Jun 4, 2020",France,-0.18
"Jun 3, 2020",Spain,-0.55
"Jun 3, 2020",Malaysia,-0.38
"Jun 3, 2020",United States,-0.34
"Jun 3, 2020",Italy,-0.22
"Jun 3, 2020",France,-0.16
"Jun 2, 2020",Spain,-0.56
"Jun 2, 2020",Malaysia,-0.39
"Jun 2, 2020",United States,-0.35
"Jun 2, 2020",Italy,-0.24
"Jun 2, 2020",France,-0.09
"Jun 1, 2020",Spain,-0.61
"Jun 1, 2020",Italy,-0.42
"Jun 1, 2020",Malaysia,-0.4
"Jun 1, 2020",United States,-0.33
"Jun 1, 2020",France,-0.2
"May 31, 2020",Spain,-0.79
"May 31, 2020",Italy,-0.56
"May 31, 2020",Malaysia,-0.56
"May 31, 2020",France,-0.42
"May 31, 2020",United States,-0.26
"May 30, 2020",Spain,-0.7
"May 30, 2020",Malaysia,-0.58
"May 30, 2020",Italy,-0.52
"May 30, 2020",France,-0.44
"May 30, 2020",United States,-0.31
"May 29, 2020",Spain,-0.69
"May 29, 2020",Malaysia,-0.54
"May 29, 2020",Italy,-0.53
"May 29, 2020",France,-0.36
"May 29, 2020",United States,-0.34
"May 28, 2020",Spain,-0.61
"May 28, 2020",Italy,-0.5
"May 28, 2020",Malaysia,-0.49
"May 28, 2020",United States,-0.34
"May 28, 2020",France,-0.27
"May 27, 2020",Spain,-0.59
"May 27, 2020",Italy,-0.49
"May 27, 2020",Malaysia,-0.47
"May 27, 2020",United States,-0.33
"May 27, 2020",France,-0.27
"May 26, 2020",Spain,-0.61
"May 26, 2020",Malaysia,-0.56
"May 26, 2020",Italy,-0.47
"May 26, 2020",France,-0.28
"May 26, 2020",United States,-0.26
"May 25, 2020",Spain,-0.62
"May 25, 2020",Malaysia,-0.59
"May 25, 2020",Italy,-0.51
"May 25, 2020",United States,-0.32
"May 25, 2020",France,-0.3
"May 24, 2020",Spain,-0.87
"May 24, 2020",Italy,-0.59
"May 24, 2020",Malaysia,-0.57
"May 24, 2020",France,-0.4
"May 24, 2020",United States,-0.35
"May 23, 2020",Spain,-0.83
"May 23, 2020",Malaysia,-0.59
"May 23, 2020",France,-0.58
"May 23, 2020",Italy,-0.57
"May 23, 2020",United States,-0.31
"May 22, 2020",Spain,-0.78
"May 22, 2020",Italy,-0.58
"May 22, 2020",France,-0.51
"May 22, 2020",Malaysia,-0.48
"May 22, 2020",United States,-0.27
"May 21, 2020",Spain,-0.71
"May 21, 2020",Italy,-0.54
"May 21, 2020",Malaysia,-0.4
"May 21, 2020",France,-0.39
"May 21, 2020",United States,-0.34
"May 20, 2020",Spain,-0.7
"May 20, 2020",Italy,-0.55
"May 20, 2020",United States,-0.39
"May 20, 2020",Malaysia,-0.39
"May 20, 2020",France,-0.16
"May 19, 2020",Spain,-0.7
"May 19, 2020",Italy,-0.52
"May 19, 2020",United States,-0.42
"May 19, 2020",Malaysia,-0.41
"May 19, 2020",France,-0.31
"May 18, 2020",Spain,-0.71
"May 18, 2020",Italy,-0.54
"May 18, 2020",United States,-0.44
"May 18, 2020",Malaysia,-0.42
"May 18, 2020",France,-0.37
"May 17, 2020",Spain,-0.91
"May 17, 2020",Italy,-0.81
"May 17, 2020",Malaysia,-0.61
"May 17, 2020",France,-0.53
"May 17, 2020",United States,-0.4
"May 16, 2020",Spain,-0.87
"May 16, 2020",Italy,-0.77
"May 16, 2020",Malaysia,-0.61
"May 16, 2020",France,-0.58
"May 16, 2020",United States,-0.42
"May 15, 2020",Spain,-0.84
"May 15, 2020",Italy,-0.69
"May 15, 2020",Malaysia,-0.55
"May 15, 2020",France,-0.5
"May 15, 2020",United States,-0.42
"May 14, 2020",Spain,-0.74
"May 14, 2020",Italy,-0.65
"May 14, 2020",Malaysia,-0.5
"May 14, 2020",United States,-0.43
"May 14, 2020",France,-0.4
"May 13, 2020",Spain,-0.73
"May 13, 2020",Italy,-0.65
"May 13, 2020",Malaysia,-0.48
"May 13, 2020",United States,-0.44
"May 13, 2020",France,-0.39
"May 12, 2020",Spain,-0.73
"May 12, 2020",Italy,-0.62
"May 12, 2020",Malaysia,-0.5
"May 12, 2020",United States,-0.47
"May 12, 2020",France,-0.38
"May 11, 2020",Spain,-0.73
"May 11, 2020",Italy,-0.65
"May 11, 2020",Malaysia,-0.58
"May 11, 2020",United States,-0.47
"May 11, 2020",France,-0.4
"May 10, 2020",Spain,-0.93
"May 10, 2020",Italy,-0.82
"May 10, 2020",France,-0.81
"May 10, 2020",Malaysia,-0.61
"May 10, 2020",United States,-0.44
"May 9, 2020",Spain,-0.9
"May 9, 2020",France,-0.85
"May 9, 2020",Italy,-0.77
"May 9, 2020",Malaysia,-0.64
"May 9, 2020",United States,-0.47
"May 8, 2020",France,-0.86
"May 8, 2020",Spain,-0.84
"May 8, 2020",Italy,-0.71
"May 8, 2020",Malaysia,-0.6
"May 8, 2020",United States,-0.47
"May 7, 2020",Spain,-0.79
"May 7, 2020",Italy,-0.68
"May 7, 2020",Malaysia,-0.63
"May 7, 2020",France,-0.62
"May 7, 2020",United States,-0.48
"May 6, 2020",Spain,-0.78
"May 6, 2020",Italy,-0.68
"May 6, 2020",France,-0.65
"May 6, 2020",Malaysia,-0.58
"May 6, 2020",United States,-0.5
"May 5, 2020",Spain,-0.78
"May 5, 2020",France,-0.66
"May 5, 2020",Italy,-0.64
"May 5, 2020",Malaysia,-0.6
"May 5, 2020",United States,-0.51
"May 4, 2020",Spain,-0.78
"May 4, 2020",France,-0.68
"May 4, 2020",Italy,-0.64
"May 4, 2020",Malaysia,-0.61
"May 4, 2020",United States,-0.52
"May 3, 2020",Spain,-0.94
"May 3, 2020",Italy,-0.93
"May 3, 2020",France,-0.88
"May 3, 2020",Malaysia,-0.79
"May 3, 2020",United States,-0.52
"May 2, 2020",Spain,-0.92
"May 2, 2020",Italy,-0.92
"May 2, 2020",France,-0.88
"May 2, 2020",Malaysia,-0.82
"May 2, 2020",United States,-0.52
"May 1, 2020",Italy,-0.95
"May 1, 2020",Spain,-0.94
"May 1, 2020",France,-0.9
"May 1, 2020",Malaysia,-0.83
"May 1, 2020",United States,-0.52
"Apr 30, 2020",Italy,-0.8
"Apr 30, 2020",Spain,-0.79
"Apr 30, 2020",Malaysia,-0.75
"Apr 30, 2020",France,-0.68
"Apr 30, 2020",United States,-0.54
"Apr 29, 2020",Italy,-0.81
"Apr 29, 2020",Spain,-0.8
"Apr 29, 2020",Malaysia,-0.75
"Apr 29, 2020",France,-0.7
"Apr 29, 2020",United States,-0.55
"Apr 28, 2020",Spain,-0.82
"Apr 28, 2020",Italy,-0.8
"Apr 28, 2020",Malaysia,-0.75
"Apr 28, 2020",France,-0.71
"Apr 28, 2020",United States,-0.55
"Apr 27, 2020",Italy,-0.82
"Apr 27, 2020",Spain,-0.82
"Apr 27, 2020",Malaysia,-0.75
"Apr 27, 2020",France,-0.73
"Apr 27, 2020",United States,-0.59
"Apr 26, 2020",Italy,-0.95
"Apr 26, 2020",Spain,-0.95
"Apr 26, 2020",France,-0.9
"Apr 26, 2020",Malaysia,-0.84
"Apr 26, 2020",United States,-0.61
"Apr 25, 2020",Italy,-0.95
"Apr 25, 2020",Spain,-0.92
"Apr 25, 2020",France,-0.89
"Apr 25, 2020",Malaysia,-0.85
"Apr 25, 2020",United States,-0.59
"Apr 24, 2020",Spain,-0.88
"Apr 24, 2020",Italy,-0.86
"Apr 24, 2020",Malaysia,-0.83
"Apr 24, 2020",France,-0.81
"Apr 24, 2020",United States,-0.59
"Apr 23, 2020",Spain,-0.84
"Apr 23, 2020",Italy,-0.84
"Apr 23, 2020",Malaysia,-0.77
"Apr 23, 2020",France,-0.75
"Apr 23, 2020",United States,-0.58
"Apr 22, 2020",Italy,-0.84
"Apr 22, 2020",Spain,-0.83
"Apr 22, 2020",Malaysia,-0.77
"Apr 22, 2020",France,-0.74
"Apr 22, 2020",United States,-0.58
"Apr 21, 2020",Spain,-0.83
"Apr 21, 2020",Italy,-0.82
"Apr 21, 2020",Malaysia,-0.77
"Apr 21, 2020",France,-0.74
"Apr 21, 2020",United States,-0.59
"Apr 20, 2020",Spain,-0.84
"Apr 20, 2020",Italy,-0.83
"Apr 20, 2020",Malaysia,-0.77
"Apr 20, 2020",France,-0.76
"Apr 20, 2020",United States,-0.62
"Apr 19, 2020",Spain,-0.96
"Apr 19, 2020",Italy,-0.95
"Apr 19, 2020",France,-0.92
"Apr 19, 2020",Malaysia,-0.86
"Apr 19, 2020",United States,-0.64
"Apr 18, 2020",Italy,-0.93
"Apr 18, 2020",Spain,-0.93
"Apr 18, 2020",France,-0.9
"Apr 18, 2020",Malaysia,-0.86
"Apr 18, 2020",United States,-0.65
"Apr 17, 2020",Spain,-0.89
"Apr 17, 2020",Italy,-0.87
"Apr 17, 2020",France,-0.83
"Apr 17, 2020",Malaysia,-0.82
"Apr 17, 2020",United States,-0.62
"Apr 16, 2020",Spain,-0.86
"Apr 16, 2020",Italy,-0.85
"Apr 16, 2020",Malaysia,-0.79
"Apr 16, 2020",France,-0.78
"Apr 16, 2020",United States,-0.61
"Apr 15, 2020",Spain,-0.85
"Apr 15, 2020",Italy,-0.85
"Apr 15, 2020",Malaysia,-0.78
"Apr 15, 2020",France,-0.77
"Apr 15, 2020",United States,-0.61
"Apr 14, 2020",Spain,-0.84
"Apr 14, 2020",Italy,-0.83
"Apr 14, 2020",Malaysia,-0.77
"Apr 14, 2020",France,-0.75
"Apr 14, 2020",United States,-0.61
"Apr 13, 2020",Italy,-0.96
"Apr 13, 2020",France,-0.9
"Apr 13, 2020",Spain,-0.89
"Apr 13, 2020",Malaysia,-0.78
"Apr 13, 2020",United States,-0.67
"Apr 12, 2020",Italy,-0.97
"Apr 12, 2020",Spain,-0.96
"Apr 12, 2020",France,-0.94
"Apr 12, 2020",Malaysia,-0.86
"Apr 12, 2020",United States,-0.72
"Apr 11, 2020",Spain,-0.95
"Apr 11, 2020",Italy,-0.93
"Apr 11, 2020",France,-0.91
"Apr 11, 2020",Malaysia,-0.86
"Apr 11, 2020",United States,-0.67
"Apr 10, 2020",Spain,-0.97
"Apr 10, 2020",Italy,-0.89
"Apr 10, 2020",France,-0.85
"Apr 10, 2020",Malaysia,-0.84
"Apr 10, 2020",United States,-0.65
"Apr 9, 2020",Spain,-0.93
"Apr 9, 2020",Italy,-0.87
"Apr 9, 2020",Malaysia,-0.81
"Apr 9, 2020",France,-0.81
"Apr 9, 2020",United States,-0.63
"Apr 8, 2020",Spain,-0.88
"Apr 8, 2020",Italy,-0.86
"Apr 8, 2020",Malaysia,-0.8
"Apr 8, 2020",France,-0.8
"Apr 8, 2020",United States,-0.63
"Apr 7, 2020",Spain,-0.88
"Apr 7, 2020",Italy,-0.85
"Apr 7, 2020",Malaysia,-0.8
"Apr 7, 2020",France,-0.8
"Apr 7, 2020",United States,-0.64
"Apr 6, 2020",Spain,-0.9
"Apr 6, 2020",Italy,-0.87
"Apr 6, 2020",France,-0.81
"Apr 6, 2020",Malaysia,-0.8
"Apr 6, 2020",United States,-0.66
"Apr 5, 2020",Spain,-0.97
"Apr 5, 2020",Italy,-0.96
"Apr 5, 2020",France,-0.94
"Apr 5, 2020",Malaysia,-0.88
"Apr 5, 2020",United States,-0.7
"Apr 4, 2020",Spain,-0.95
"Apr 4, 2020",Italy,-0.94
"Apr 4, 2020",France,-0.92
"Apr 4, 2020",Malaysia,-0.88
"Apr 4, 2020",United States,-0.69
"Apr 3, 2020",Spain,-0.93
"Apr 3, 2020",Italy,-0.9
"Apr 3, 2020",France,-0.86
"Apr 3, 2020",Malaysia,-0.84
"Apr 3, 2020",United States,-0.65
"Apr 2, 2020",Spain,-0.9
"Apr 2, 2020",Italy,-0.88
"Apr 2, 2020",France,-0.82
"Apr 2, 2020",Malaysia,-0.81
"Apr 2, 2020",United States,-0.62
"Apr 1, 2020",Spain,-0.9
"Apr 1, 2020",Italy,-0.88
"Apr 1, 2020",France,-0.82
"Apr 1, 2020",Malaysia,-0.79
"Apr 1, 2020",United States,-0.61
"Mar 31, 2020",Spain,-0.89
"Mar 31, 2020",Italy,-0.87
"Mar 31, 2020",France,-0.81
"Mar 31, 2020",Malaysia,-0.78
"Mar 31, 2020",United States,-0.62
"Mar 30, 2020",Spain,-0.9
"Mar 30, 2020",Italy,-0.88
"Mar 30, 2020",France,-0.83
"Mar 30, 2020",Malaysia,-0.79
"Mar 30, 2020",United States,-0.63
"Mar 29, 2020",Italy,-0.96
"Mar 29, 2020",Spain,-0.95
"Mar 29, 2020",France,-0.94
"Mar 29, 2020",Malaysia,-0.86
"Mar 29, 2020",United States,-0.67
"Mar 28, 2020",Spain,-0.94
"Mar 28, 2020",Italy,-0.94
"Mar 28, 2020",France,-0.93
"Mar 28, 2020",Malaysia,-0.86
"Mar 28, 2020",United States,-0.66
"Mar 27, 2020",Italy,-0.91
"Mar 27, 2020",Spain,-0.9
"Mar 27, 2020",France,-0.87
"Mar 27, 2020",Malaysia,-0.82
"Mar 27, 2020",United States,-0.61
"Mar 26, 2020",Italy,-0.89
"Mar 26, 2020",Spain,-0.87
"Mar 26, 2020",France,-0.83
"Mar 26, 2020",Malaysia,-0.79
"Mar 26, 2020",United States,-0.59
"Mar 25, 2020",Italy,-0.87
"Mar 25, 2020",Spain,-0.86
"Mar 25, 2020",France,-0.83
"Mar 25, 2020",Malaysia,-0.79
"Mar 25, 2020",United States,-0.61
"Mar 24, 2020",Italy,-0.86
"Mar 24, 2020",Spain,-0.86
"Mar 24, 2020",France,-0.82
"Mar 24, 2020",Malaysia,-0.81
"Mar 24, 2020",United States,-0.57
"Mar 23, 2020",Italy,-0.87
"Mar 23, 2020",Spain,-0.85
"Mar 23, 2020",France,-0.82
"Mar 23, 2020",Malaysia,-0.81
"Mar 23, 2020",United States,-0.57
"Mar 22, 2020",Italy,-0.95
"Mar 22, 2020",Spain,-0.95
"Mar 22, 2020",France,-0.93
"Mar 22, 2020",Malaysia,-0.87
"Mar 22, 2020",United States,-0.56
"Mar 21, 2020",Italy,-0.92
"Mar 21, 2020",Spain,-0.92
"Mar 21, 2020",France,-0.91
"Mar 21, 2020",Malaysia,-0.79
"Mar 21, 2020",United States,-0.52
"Mar 20, 2020",Spain,-0.88
"Mar 20, 2020",Italy,-0.88
"Mar 20, 2020",France,-0.84
"Mar 20, 2020",Malaysia,-0.74
"Mar 20, 2020",United States,-0.46
"Mar 19, 2020",Italy,-0.86
"Mar 19, 2020",Spain,-0.84
"Mar 19, 2020",France,-0.79
"Mar 19, 2020",Malaysia,-0.67
"Mar 19, 2020",United States,-0.41
"Mar 18, 2020",Italy,-0.85
"Mar 18, 2020",Spain,-0.8
"Mar 18, 2020",France,-0.74
"Mar 18, 2020",Malaysia,-0.47
"Mar 18, 2020",United States,-0.35
"Mar 17, 2020",Italy,-0.82
"Mar 17, 2020",Spain,-0.76
"Mar 17, 2020",United States,-0.31
"Mar 17, 2020",France,-0.25
"Mar 17, 2020",Malaysia,0.23
"Mar 16, 2020",Italy,-0.83
"Mar 16, 2020",Spain,-0.74
"Mar 16, 2020",United States,-0.26
"Mar 16, 2020",France,-0.14
"Mar 16, 2020",Malaysia,0.04
"Mar 15, 2020",Italy,-0.93
"Mar 15, 2020",Spain,-0.78
"Mar 15, 2020",France,-0.32
"Mar 15, 2020",United States,-0.23
"Mar 15, 2020",Malaysia,0.1
"Mar 14, 2020",Italy,-0.9
"Mar 14, 2020",Spain,-0.57
"Mar 14, 2020",France,-0.36
"Mar 14, 2020",United States,-0.21
"Mar 14, 2020",Malaysia,0.03
"Mar 13, 2020",Italy,-0.81
"Mar 13, 2020",Spain,-0.39
"Mar 13, 2020",France,-0.17
"Mar 13, 2020",United States,-0.1
"Mar 13, 2020",Malaysia,0.02
"Mar 12, 2020",Italy,-0.76
"Mar 12, 2020",Spain,-0.2
"Mar 12, 2020",France,-0.07
"Mar 12, 2020",United States,-0.04
"Mar 12, 2020",Malaysia,-0.02
"Mar 11, 2020",Italy,-0.69
"Mar 11, 2020",Spain,-0.1
"Mar 11, 2020",France,-0.05
"Mar 11, 2020",United States,-0.01
"Mar 11, 2020",Malaysia,-0.01
"Mar 10, 2020",Italy,-0.54
"Mar 10, 2020",Spain,-0.07
"Mar 10, 2020",France,-0.04
"Mar 10, 2020",United States,-0.03
"Mar 10, 2020",Malaysia,0.0
"Mar 9, 2020",Italy,-0.45
"Mar 9, 2020",Spain,-0.08
"Mar 9, 2020",United States,-0.06
"Mar 9, 2020",France,-0.06
"Mar 9, 2020",Malaysia,0.02
"Mar 8, 2020",Italy,-0.4
"Mar 8, 2020",France,-0.13
"Mar 8, 2020",Spain,-0.07
"Mar 8, 2020",United States,0.0
"Mar 8, 2020",Malaysia,0.04
"Mar 7, 2020",Italy,-0.34
"Mar 7, 2020",France,-0.22
"Mar 7, 2020",Spain,-0.08
"Mar 7, 2020",Malaysia,-0.01
"Mar 7, 2020",United States,0.02
"Mar 6, 2020",Italy,-0.3
"Mar 6, 2020",France,-0.11
"Mar 6, 2020",Spain,-0.08
"Mar 6, 2020",Malaysia,-0.01
"Mar 6, 2020",United States,0.02
"Mar 5, 2020",Italy,-0.25
"Mar 5, 2020",France,-0.04
"Mar 5, 2020",Spain,-0.03
"Mar 5, 2020",Malaysia,0.0
"Mar 5, 2020",United States,0.02
"Mar 4, 2020",Italy,-0.2
"Mar 4, 2020",France,-0.03
"Mar 4, 2020",Spain,-0.02
"Mar 4, 2020",United States,0.0
"Mar 4, 2020",Malaysia,0.0
"Mar 3, 2020",Italy,-0.15
"Mar 3, 2020",Spain,-0.02
"Mar 3, 2020",France,-0.02
"Mar 3, 2020",United States,-0.02
"Mar 3, 2020",Malaysia,0.02
"Mar 2, 2020",Italy,-0.17
"Mar 2, 2020",France,-0.04
"Mar 2, 2020",United States,-0.02
"Mar 2, 2020",Malaysia,0.03
"Mar 2, 2020",Spain,0.13
"Mar 1, 2020",Italy,-0.28
"Mar 1, 2020",France,-0.08
"Mar 1, 2020",United States,0.03
"Mar 1, 2020",Spain,0.03
"Mar 1, 2020",Malaysia,0.09
